model,attack,drift,eta_c_probability50,eta_c_boot_low,eta_c_boot_median,eta_c_boot_high,eta_c_ci_width,n_valid_bootstrap_boundaries
Finite-key margin,0.05,0.005,0.08768055555555555,0.08684071969696969,0.08765624999999999,0.08835625,0.0015155303030303102,160
Full UVIF,0.05,0.005,0.018993055555555558,0.018750000000000003,0.018986486486486487,0.019269704555457744,0.0005197045554577416,160
QBER only,0.05,0.005,0.09274528301886792,0.09234873182802351,0.09272749042145594,0.09318634326550387,0.0008376114374803595,160
UVIF without resource,0.05,0.005,0.019013698630136987,0.018821781255418762,0.019003048780487808,0.01927550204918033,0.0004537207937615681,160
Finite-key margin,0.1,0.005,0.0845111111111111,0.08378984374999998,0.08452083333333332,0.08500078124999999,0.0012109375000000089,160
Full UVIF,0.1,0.005,0.014838235294117649,0.01453675766283525,0.014832159624413147,0.015082191780821918,0.0005454341179866682,160
QBER only,0.1,0.005,0.090390625,0.0895665243902439,0.09045394736842105,0.09121596008158507,0.0016494356913411695,160
UVIF without resource,0.1,0.005,0.0150859375,0.014777651515151516,0.0150859375,0.01540909090909091,0.0006314393939393943,160
Finite-key margin,0.15,0.005,0.08198863636363636,0.08156534665991902,0.08197435897435897,0.08256386298421807,0.0009985163242990508,160
Full UVIF,0.15,0.005,0.01027450980392157,0.01,0.010336538461538461,0.010826742424242424,0.0008267424242424243,123
QBER only,0.15,0.005,0.08774468085106382,0.08691477272727272,0.08773086240310077,0.0882105446708464,0.0012957719435736786,160
UVIF without resource,0.15,0.005,0.010918032786885246,0.010451906565656565,0.010918032786885246,0.011243499909877434,0.000791593344220869,160
Finite-key margin,0.2,0.005,0.07963793103448276,0.0786875,0.07964961067853171,0.08051165625000001,0.0018241562500000141,160
Full UVIF,0.2,0.005,,,,,,0
QBER only,0.2,0.005,0.08452941176470588,0.08364583333333332,0.08463513513513513,0.08525124999999999,0.0016054166666666647,160
UVIF without resource,0.2,0.005,,,,,,0
Finite-key margin,0.25,0.005,0.0764054054054054,0.07567990121580546,0.07640277777777778,0.07720051470588236,0.0015206134900768997,160
Full UVIF,0.25,0.005,,,,,,0
QBER only,0.25,0.005,0.08178571428571428,0.08134505813953488,0.08178896585848588,0.08227976347780126,0.0009347053382663811,160
UVIF without resource,0.25,0.005,,,,,,0
Finite-key margin,0.3,0.005,0.07416666666666666,0.073559671875,0.07416666666666666,0.07471766591251885,0.0011579940375188585,160
Full UVIF,0.3,0.005,,,,,,0
QBER only,0.3,0.005,0.079,0.07851063829787235,0.07901015176374077,0.07973203125,0.0012213929521276562,160
UVIF without resource,0.3,0.005,,,,,,0
Finite-key margin,0.35,0.005,0.07093589743589744,0.07034405573376103,0.07094341432225065,0.07146464176829267,0.0011205860345316482,160
Full UVIF,0.35,0.005,,,,,,0
QBER only,0.35,0.005,0.07717021276595745,0.0764978125,0.07717164484451719,0.07766716101694915,0.0011693485169491508,160
UVIF without resource,0.35,0.005,,,,,,0
Finite-key margin,0.4,0.005,0.06835714285714287,0.06793746675531916,0.06833333333333334,0.06885750915750917,0.0009200424021900133,160
Full UVIF,0.4,0.005,,,,,,0
QBER only,0.4,0.005,0.074,0.07336671052631578,0.07406521739130434,0.07451172057109558,0.0011450100447797928,160
UVIF without resource,0.4,0.005,,,,,,0
Finite-key margin,0.05,0.01,0.0818780487804878,0.08133811274509803,0.08186190476190475,0.08241701388888889,0.0010789011437908613,160
Full UVIF,0.05,0.01,0.014136363636363636,0.0135,0.014160377358490565,0.01457310987903226,0.0010731098790322594,160
QBER only,0.05,0.01,0.08832432432432431,0.0874375,0.08830116279069766,0.0888847972972973,0.001447297297297298,160
UVIF without resource,0.05,0.01,0.01455,0.014114966299019609,0.014522021943573668,0.014870068734015345,0.0007551024349957362,160
Finite-key margin,0.1,0.01,0.07908333333333334,0.07855790849673203,0.079125,0.07981554054054055,0.001257632043808521,160
Full UVIF,0.1,0.01,,0.010071428571428571,0.010071428571428571,0.010071428571428571,0.0,1
QBER only,0.1,0.01,0.08554166666666665,0.08515413926499031,0.08553,0.0860015243902439,0.0008473851252535913,160
UVIF without resource,0.1,0.01,,0.01,0.01021,0.010509124053030302,0.0005091240530303021,80
Finite-key margin,0.15,0.01,0.07607317073170732,0.07541814393939393,0.0760857843137255,0.07691911764705882,0.0015009737076648877,160
Full UVIF,0.15,0.01,,,,,,0
QBER only,0.15,0.01,0.08305128205128204,0.08238503787878787,0.08310206718346252,0.08395760869565216,0.0015725708168642938,160
UVIF without resource,0.15,0.01,,,,,,0
Finite-key margin,0.2,0.01,0.07378749999999999,0.07291238486842104,0.07378263888888889,0.07431274305555556,0.0014003581871345205,160
Full UVIF,0.2,0.01,,,,,,0
QBER only,0.2,0.01,0.08072916666666667,0.08007755681818182,0.08074468085106383,0.08120321928879311,0.0011256624706112855,160
UVIF without resource,0.2,0.01,,,,,,0
Finite-key margin,0.25,0.01,0.07047222222222223,0.0696176724137931,0.07048717948717949,0.07101433846637335,0.0013966660525802504,160
Full UVIF,0.25,0.01,,,,,,0
QBER only,0.25,0.01,0.07676923076923077,0.07596041666666666,0.07676962962962963,0.07779034495021336,0.0018299282835467084,160
UVIF without resource,0.25,0.01,,,,,,0
Finite-key margin,0.3,0.01,0.06836046511627908,0.06785255514705882,0.0683595803842265,0.06898633744038156,0.001133782293322741,160
Full UVIF,0.3,0.01,,,,,,0
QBER only,0.3,0.01,0.07482608695652174,0.0744,0.07482971014492754,0.0752373511904762,0.0008373511904762043,160
UVIF without resource,0.3,0.01,,,,,,0
Finite-key margin,0.35,0.01,0.06616279069767442,0.06541666666666666,0.06615555555555556,0.06675650813516897,0.0013398414685023008,160
Full UVIF,0.35,0.01,,,,,,0
QBER only,0.35,0.01,0.07204545454545454,0.07154118055555556,0.07202777777777777,0.07257575757575757,0.0010345770202020155,160
UVIF without resource,0.35,0.01,,,,,,0
Finite-key margin,0.4,0.01,0.06291176470588235,0.061900000000000004,0.06290032679738561,0.06372093023255813,0.0018209302325581309,160
Full UVIF,0.4,0.01,,,,,,0
QBER only,0.4,0.01,0.06883333333333334,0.06827906976744187,0.06882835515548281,0.0696247670083877,0.0013456972409458257,160
UVIF without resource,0.4,0.01,,,,,,0
Finite-key margin,0.05,0.02,0.07105555555555555,0.07060825657894738,0.0710188679245283,0.07133769886363636,0.0007294422846889775,160
Full UVIF,0.05,0.02,,,,,,0
QBER only,0.05,0.02,0.07932258064516129,0.078540625,0.07934780092592593,0.08035,0.001809375000000002,160
UVIF without resource,0.05,0.02,,,,,,0
Finite-key margin,0.1,0.02,0.06839473684210527,0.06780288697788699,0.06843497474747476,0.06927523344651952,0.001472346468632535,160
Full UVIF,0.1,0.02,,,,,,0
QBER only,0.1,0.02,0.0774891304347826,0.07702309294871794,0.0774891304347826,0.07798962765957447,0.0009665347108565314,160
UVIF without resource,0.1,0.02,,,,,,0
Finite-key margin,0.15,0.02,0.06506666666666668,0.06459969298245614,0.0650238888888889,0.06562378941441441,0.001024096431958263,160
Full UVIF,0.15,0.02,,,,,,0
QBER only,0.15,0.02,0.0743125,0.07378706249999999,0.0742875939849624,0.07468269230769231,0.0008956298076923247,160
UVIF without resource,0.15,0.02,,,,,,0
Finite-key margin,0.2,0.02,0.06240789473684211,0.0617314701897019,0.06233888888888889,0.06321875,0.0014872798102981075,160
Full UVIF,0.2,0.02,,,,,,0
QBER only,0.2,0.02,0.07121111111111111,0.070665,0.07121111111111111,0.07168775436046512,0.0010227543604651168,160
UVIF without resource,0.2,0.02,,,,,,0
Finite-key margin,0.25,0.02,0.06030232558139535,0.05971666666666667,0.06030298913043479,0.06075082547169811,0.0010341588050314446,160
Full UVIF,0.25,0.02,,,,,,0
QBER only,0.25,0.02,0.06845000000000001,0.06805545977011496,0.06841379310344828,0.06887875000000002,0.0008232902298850597,160
UVIF without resource,0.25,0.02,,,,,,0
Finite-key margin,0.3,0.02,0.05732,0.056912718023255815,0.0572948717948718,0.05775630952380953,0.0008435915005537142,160
Full UVIF,0.3,0.02,,,,,,0
QBER only,0.3,0.02,0.06523170731707317,0.06478482142857143,0.0652391304347826,0.06608788602941178,0.0013030646008403424,160
UVIF without resource,0.3,0.02,,,,,,0
Finite-key margin,0.35,0.02,0.05444186046511628,0.05389510416666667,0.05441388888888889,0.0550634375,0.0011683333333333268,160
Full UVIF,0.35,0.02,,,,,,0
QBER only,0.35,0.02,0.06366666666666666,0.06281647727272727,0.06366666666666666,0.06425,0.0014335227272727347,160
UVIF without resource,0.35,0.02,,,,,,0
Finite-key margin,0.4,0.02,0.051500000000000004,0.05096247379454927,0.05144527511961723,0.05242709603658537,0.0014646222420361052,160
Full UVIF,0.4,0.02,,,,,,0
QBER only,0.4,0.02,0.06030232558139535,0.05935875000000001,0.06031332495285984,0.060785752279635265,0.001427002279635256,160
UVIF without resource,0.4,0.02,,,,,,0
Finite-key margin,0.05,0.03,0.05954444444444445,0.058781012228260876,0.059532608695652176,0.06003717494089835,0.001256162712637475,160
Full UVIF,0.05,0.03,,,,,,0
QBER only,0.05,0.03,0.0707,0.06949756944444445,0.07072296511627907,0.07125208333333334,0.0017545138888888923,160
UVIF without resource,0.05,0.03,,,,,,0
Finite-key margin,0.1,0.03,0.057127906976744185,0.0565996551724138,0.05715880503144655,0.05758547872340426,0.0009858235509904653,160
Full UVIF,0.1,0.03,,,,,,0
QBER only,0.1,0.03,0.06802631578947368,0.06742132812500001,0.0680635026737968,0.06895774515086207,0.0015364170258620607,160
UVIF without resource,0.1,0.03,,,,,,0
Finite-key margin,0.15,0.03,0.05395192307692308,0.053555225988700564,0.05397073863636364,0.05428632142857143,0.000731095439870863,160
Full UVIF,0.15,0.03,,,,,,0
QBER only,0.15,0.03,0.06525,0.06463867753623188,0.06525923852183652,0.06591025641025641,0.0012715788740245287,160
UVIF without resource,0.15,0.03,,,,,,0
Finite-key margin,0.2,0.03,0.0520921052631579,0.0513325,0.052098611111111116,0.05280295516304349,0.001470455163043484,160
Full UVIF,0.2,0.03,,,,,,0
QBER only,0.2,0.03,0.06231081081081081,0.061607714987714994,0.062318151147098516,0.06307427325581395,0.0014665582680989594,160
UVIF without resource,0.2,0.03,,,,,,0
Finite-key margin,0.25,0.03,0.04922058823529412,0.04831566500711238,0.049253378378378385,0.0499,0.001584334992887619,160
Full UVIF,0.25,0.03,,,,,,0
QBER only,0.25,0.03,0.05942424242424243,0.05867304726996967,0.05946359649122807,0.06013257672634271,0.0014595294563730377,160
UVIF without resource,0.25,0.03,,,,,,0
Finite-key margin,0.3,0.03,0.0456829268292683,0.044815533625731,0.045700000000000005,0.04626627966448446,0.0014507460387534615,160
Full UVIF,0.3,0.03,,,,,,0
QBER only,0.3,0.03,0.0572948717948718,0.05653126495215311,0.05730151515151516,0.05797226102941177,0.0014409960772586577,160
UVIF without resource,0.3,0.03,,,,,,0
Finite-key margin,0.35,0.03,0.043133333333333336,0.04260388157894737,0.04314285714285715,0.04362752557544757,0.0010236439965001995,160
Full UVIF,0.35,0.03,,,,,,0
QBER only,0.35,0.03,0.054625,0.054015085227272726,0.054655172413793106,0.05557698138297872,0.0015618961557059968,160
UVIF without resource,0.35,0.03,,,,,,0
Finite-key margin,0.4,0.03,0.040100000000000004,0.03959782608695652,0.04007275132275132,0.04064720420342501,0.0010493781164684912,160
Full UVIF,0.4,0.03,,,,,,0
QBER only,0.4,0.03,0.050833333333333335,0.05020381944444445,0.050833333333333335,0.05158843325791856,0.0013846138134741073,160
UVIF without resource,0.4,0.03,,,,,,0
