eta,attack,drift,shots,qber_obs_mean,qber_obs_sd,n_eff_mean,finite_key_margin_mean,finite_key_margin_sd,psi_mean,p_conventional_secure,p_conventional_transition,p_conventional_insecure,uvif_energy_mean,uvif_energy_sd,uvif_score_mean,p_uvif_stable,p_uvif_transition,p_uvif_unstable,risk_force_mean,uncertainty_force_mean,complexity_force_mean,resource_force_mean,leakage_force_mean,stability_reward_mean,dp_conventional_secure_deta,dp_uvif_stable_deta,d_uvif_score_deta,profile
0.01,0.1,0.005,10000,0.02960471070148489,0.0015439806314756187,9765.0,0.5822458295760152,0.015516325259568862,5.293143905236502,1.0,0.0,0.0,-0.07380272041270076,0.024143363910633802,0.5184397477375158,0.0,1.0,0.0,0.2691337336498627,0.011331935009085772,0.0038729858957265145,0.011961234531527198,0.09170353302611367,0.5242052805397107,0.0,0.0,-3.809660220446329,"a=0.10, d=0.005"
0.0135,0.1,0.005,10000,0.03301587301587302,0.0019948379981120463,9765.0,0.5485218168366311,0.019456898436182292,4.986561971242101,1.0,0.0,0.0,-0.020429415383601653,0.03116056760994602,0.5051059369659536,0.0,1.0,0.0,0.30014430014430016,0.012267704552074593,0.003985407066052227,0.011961234531527198,0.09426190476190477,0.4992710552615741,2.842170943040401e-14,0.0,-3.8702207353777425,"a=0.10, d=0.005"
0.017,0.1,0.005,10000,0.03653865847414234,0.0018387148487401255,9765.0,0.5146953634835186,0.017368894231020844,4.679048758941078,1.0,0.0,0.0,0.0346177702575831,0.02873607213359228,0.4913482025898715,0.0,1.0,0.0,0.3321696224922031,0.013204152704454025,0.003927593911268698,0.011961234531527198,0.09690399385560677,0.47348582377689463,-2.842170943040401e-14,0.0,-3.814996121665814,"a=0.10, d=0.005"
0.0205,0.1,0.005,10000,0.039853558627752174,0.0020728110594223402,9765.0,0.4838582878002772,0.019004335971311105,4.398711707275248,1.0,0.0,0.0,0.0864730173895138,0.03237595706028986,0.478400964114293,0.0,1.0,0.0,0.36230507843411075,0.01405584996885935,0.004008753805187316,0.011961234531527198,0.09939016897081415,0.44920022069618104,0.0,0.0,-3.9410633737429634,"a=0.10, d=0.005"
0.024,0.1,0.005,10000,0.04361597542242704,0.001847800423438097,9765.0,0.44979109744189105,0.01646991228087225,4.089009976744463,1.0,0.0,0.0,0.14524146414727185,0.028860675397331188,0.4637607589736708,0.0,1.0,0.0,0.3965088674766094,0.01499501579455565,0.003949327747447729,0.011961234531527198,0.10221198156682028,0.4216341620904736,0.0,0.0,-4.207720578995563,"a=0.10, d=0.005"
0.027500000000000004,0.1,0.005,10000,0.04743983614951357,0.0022097610210169006,9765.0,0.41625308533408395,0.01915758161609356,3.7841189575825807,1.0,0.0,0.0,0.20498617455371382,0.03450381168913659,0.44894692006132414,0.0,1.0,0.0,0.4312712377228506,0.015917712598773597,0.004032359726393299,0.011961234531527198,0.10507987711213516,0.39364813576290225,0.0,0.0,-3.8429379975210267,"a=0.10, d=0.005"
0.031,0.1,0.005,10000,0.05058166922683051,0.0021748202442643154,9765.0,0.38935395901714065,0.01837823150852527,3.53958144561037,1.0,0.0,0.0,0.25398725253924115,0.03390975688746159,0.43686019299102363,0.0,1.0,0.0,0.45983335660755015,0.016656695692974267,0.004013946934761121,0.011961234531527198,0.1074362519201229,0.37069643087387777,0.0,0.0,-3.636994213206073,"a=0.10, d=0.005"
0.0345,0.1,0.005,10000,0.05408499743983615,0.002227790808441267,9765.0,0.3600730131442743,0.01844201331810662,3.273391028584312,1.0,0.0,0.0,0.30856116624367635,0.03464464155169907,0.4234879605688817,0.0,1.0,0.0,0.49168179490760133,0.01746001686861353,0.004010521575223516,0.011961234531527198,0.11006374807987712,0.3451756140856198,0.0,0.0,-3.758780993320464,"a=0.10, d=0.005"
0.038,0.1,0.005,10000,0.05750844854070661,0.002031787105318347,9765.0,0.33210033661826105,0.016432877891109712,3.0190939692569168,1.0,0.0,0.0,0.3617847862099682,0.03152868354508279,0.41054872603778036,0.0,1.0,0.0,0.5228040776427875,0.018226517390785034,0.003967708979217373,0.011961234531527198,0.11263133640552996,0.3203296202156126,0.0,0.0,-3.668451509484065,"a=0.10, d=0.005"
0.0415,0.1,0.005,10000,0.06091858678955452,0.0022668028536753687,9765.0,0.30490593210415945,0.017879149836623337,2.771872110037813,1.0,0.0,0.0,0.4147287160020183,0.03511746125286944,0.39780880000249325,0.0,0.97,0.03,0.5538053344504958,0.01897077532446787,0.004027154168338664,0.011961234531527198,0.11518894009216592,0.29571051171228563,0.0,0.0,-3.79820800191888,"a=0.10, d=0.005"
0.045000000000000005,0.1,0.005,10000,0.06467895545314901,0.002703516373634524,9765.0,0.27562078967830056,0.02080334521561202,2.505643542530005,1.0,0.0,0.0,0.47297000906962483,0.04178573818625401,0.38396127002434816,0.0,0.66,0.34,0.5879905041195364,0.019771347116890124,0.004131141460738892,0.011961234531527198,0.11800921658986177,0.26874086102582717,0.0,0.0,-3.712713382162569,"a=0.10, d=0.005"
0.0485,0.1,0.005,10000,0.06802662570404505,0.002792105546785123,9765.0,0.25008287369701254,0.021083063057197027,2.273480669972841,1.0,0.0,0.0,0.5246528596217235,0.04301833241224252,0.3718198063273553,0.0,0.2,0.8,0.6184238700367733,0.02046882495317695,0.004171078759827115,0.011961234531527198,0.12051996927803378,0.24489534199364596,0.0,0.0,-3.745406033349873,"a=0.10, d=0.005"
0.052000000000000005,0.1,0.005,10000,0.07197644649257554,0.0027019203942259453,9765.0,0.22058242791599664,0.019949474157549916,2.0052947992363332,1.0,0.0,0.0,0.585414161888337,0.041511711016431585,0.357743427790899,0.0,0.0,1.0,0.6543313317506865,0.021273786484052856,0.0041743136434439915,0.011961234531527198,0.12348233486943165,0.2169914344030121,0.0,0.0,-3.676151122815803,"a=0.10, d=0.005"
0.0555,0.1,0.005,10000,0.07531387608806964,0.002772010426810488,9765.0,0.19620077239569525,0.020100703399893186,1.7836433854154115,1.0,0.0,0.0,0.6365582009233279,0.04240832824226181,0.34608674846764464,0.0,0.0,1.0,0.6846716008006329,0.021938466382800725,0.004178982684105297,0.011961234531527198,0.1259854070660522,0.19364623182190888,0.0,0.0,-3.3872487685342776,"a=0.10, d=0.005"
0.059000000000000004,0.1,0.005,10000,0.07883563748079878,0.0028269431071247055,9765.0,0.17096941788841602,0.020004832253026086,1.5542674353492365,1.0,0.0,0.0,0.6903083129120767,0.04309635769099165,0.3340326864111591,0.0,0.0,1.0,0.716687613461807,0.022625784599344948,0.004160053623746513,0.011961234531527198,0.12862672811059905,0.16925839424269307,0.0,0.0,-3.4186371154598447,"a=0.10, d=0.005"
0.0625,0.1,0.005,10000,0.08238197644649257,0.002849945757745236,9765.0,0.14605853381428455,0.019848624349426393,1.3278048528571325,1.0,0.0,0.0,0.7442086434075557,0.043250816042189236,0.32215628865942575,0.0,0.0,1.0,0.748927058604478,0.023303865688897175,0.004149183493900907,0.011961234531527198,0.13128648233486945,0.1449729244323197,0.0,0.0,-3.3701241474133496,"a=0.10, d=0.005"
0.066,0.1,0.005,10000,0.08596108550947261,0.0027565199861471898,9765.0,0.12139139235553761,0.018783604323294248,1.1035581123230696,1.0,0.0,0.0,0.7983804960951005,0.04164250619903179,0.3104418173792656,0.0,0.0,1.0,0.7814644137224782,0.023974852951343606,0.004180216729556097,0.011961234531527198,0.13397081413210443,0.12075732880924211,0.0,0.0,-3.12065948484733,"a=0.10, d=0.005"
0.0695,0.1,0.005,10000,0.0891336405529954,0.0027136378386615275,9765.0,0.09992601352634609,0.018224284716857518,0.9084183047849642,1.0,0.0,0.0,0.8461421310919488,0.04076623253525024,0.30031167226549443,0.0,0.0,1.0,0.8103058232090491,0.024558372414794923,0.004135023041474655,0.011961234531527198,0.13635023041474656,0.09956195069848156,0.0,0.0,-3.1597879698127116,"a=0.10, d=0.005"
0.073,0.1,0.005,10000,0.09299334357398874,0.003134852538538498,9765.0,0.07433909482311284,0.020580402371083578,0.6758099529373893,1.0,0.0,0.0,0.9040021915169675,0.04687197746219129,0.2883233015905767,0.0,0.0,1.0,0.8453940324908067,0.02525346549219099,0.0042613869570798475,0.011961234531527198,0.13924500768049158,0.07417187276040965,-1.4285714285714164,0.0,-3.3322750496574614,"a=0.10, d=0.005"
0.0765,0.1,0.005,10000,0.09674859190988222,0.0030982010969797086,9765.0,0.04988896502919865,0.019936051508467632,0.45353604571998773,0.99,0.01,0.0,0.9599321850291507,0.046072785815916006,0.27698574691789224,0.0,0.0,1.0,0.879532653726202,0.025917297492039745,0.004235146488116861,0.011961234531527198,0.14206144393241169,0.049828594105176906,-8.571428571428584,0.0,-2.692240391375435,"a=0.10, d=0.005"
0.08,0.1,0.005,10000,0.0993026113671275,0.0032621937137036466,9765.0,0.03354737460023846,0.020801238091595144,0.3049761327294406,0.94,0.05,0.01,0.9978038607922838,0.04820314567635764,0.2694776188509486,0.0,0.0,1.0,0.9027510124284318,0.026360741617743832,0.004298463901689708,0.011961234531527198,0.14397695852534562,0.03351964829878839,-58.57142857142881,0.0,-2.69096465321104,"a=0.10, d=0.005"
0.08349999999999999,0.1,0.005,10000,0.10325140809011778,0.0027610232616498568,9765.0,0.008619938956187553,0.01723343800445335,0.07836308141988685,0.58,0.11,0.31,1.0560054751278942,0.04057466918113484,0.258148994345415,0.0,0.0,1.0,0.9386491644556161,0.02703690347642044,0.004185543639107496,0.011961234531527198,0.14693855606758832,0.008617002511135013,-110.00000000000009,0.0,-3.1848601417710682,"a=0.10, d=0.005"
0.087,0.1,0.005,10000,0.10722273425499232,0.0029937330518301063,9765.0,-0.01589069620423521,0.018285730668912866,-0.14446087458395648,0.17,0.07,0.76,1.1141691459716612,0.04374516898800988,0.24718359785855118,0.0,0.0,1.0,0.9747521295908393,0.027701334108515666,0.004242714704797324,0.011961234531527198,0.14991705069124428,-0.01588379030078478,-77.14285714285707,0.0,-2.6698824890347623,"a=0.10, d=0.005"
0.0905,0.1,0.005,10000,0.11011879160266258,0.0034889862084026683,9765.0,-0.03343206379911769,0.02101495591688535,-0.30392785271925166,0.04,0.01,0.95,1.156304853225292,0.05064636470132993,0.2394598169221716,0.0,0.0,1.0,1.0010799236605685,0.028176601295097723,0.004293527579922411,0.011961234531527198,0.15208909370199694,-0.033404751604746166,-24.285714285714263,0.0,-2.397728679243073,"a=0.10, d=0.005"
0.094,0.1,0.005,10000,0.11359754224270353,0.003298181644350438,9765.0,-0.05425209890744188,0.019565434264819652,-0.49320089915856236,0.0,0.0,1.0,1.2066603849450488,0.04756507598955691,0.23039949710384963,0.0,0.0,1.0,1.032704929479123,0.02874052460904243,0.004276912721785005,0.011961234531527198,0.15469815668202763,-0.05417871306085364,-5.714285714285709,0.0,-2.411469851614722,"a=0.10, d=0.005"
0.0975,0.1,0.005,10000,0.11670558115719407,0.0035022277757458422,9765.0,-0.07252383228322691,0.020460049341345866,-0.6593075662111536,0.0,0.0,1.0,1.2513882511611818,0.050180506222984,0.22257952796086855,0.0,0.0,1.0,1.060959828701764,0.029235201731213613,0.0043568131545137796,0.011961234531527198,0.15702918586789552,-0.07236725679375523,0.0,0.0,-2.4956345547720815,"a=0.10, d=0.005"
0.10099999999999999,0.1,0.005,10000,0.12066769073220686,0.003311381339545652,9765.0,-0.09546777252779182,0.018947135470513243,-0.8678888411617436,0.0,0.0,1.0,1.3079842199261318,0.047123593697571825,0.21293005522044503,0.0,0.0,1.0,1.096979006656426,0.02985614258605033,0.004262212819463148,0.011961234531527198,0.1600007680491551,-0.09514491542139875,0.0,0.0,-2.74082704471542,"a=0.10, d=0.005"
0.1045,0.1,0.005,10000,0.12474244751664107,0.003141071210353095,9765.0,-0.11861383053790689,0.017659645571229125,-1.0783075503446076,0.0,0.0,1.0,1.3657964252908448,0.044433635553860734,0.20339373864786062,0.0,0.0,1.0,1.1340222501512824,0.030482267940278068,0.004282254573506218,0.011961234531527198,0.1630568356374808,-0.11802479683696725,0.0,0.0,-2.5689451843709534,"a=0.10, d=0.005"
0.108,0.1,0.005,10000,0.12851408090117766,0.003431405157857681,9765.0,-0.13960893190271814,0.01891579910493812,-1.269172108206528,0.0,0.0,1.0,1.4188786678945897,0.0482010338354253,0.19494743892984834,0.0,0.0,1.0,1.1683098263743426,0.031049949091673613,0.004330737048069996,0.011961234531527198,0.16588556067588325,-0.1386603182477457,0.0,0.0,-2.0608308737433454,"a=0.10, d=0.005"
0.1115,0.1,0.005,10000,0.1312616487455197,0.003075775489792276,9765.0,-0.1547187194651274,0.01677931257389892,-1.40653381331934,0.0,0.0,1.0,1.4572971625771376,0.04290837467341831,0.18896792253165717,0.0,0.0,1.0,1.193287715868361,0.03145838960701727,0.0042412062562566175,0.011961234531527198,0.16794623655913976,-0.15345422366552236,0.0,0.0,-1.8836829140663767,"a=0.10, d=0.005"
0.11499999999999999,0.1,0.005,10000,0.13470046082949308,0.0032605593074940794,9765.0,-0.17330970725167255,0.01756399358235051,-1.575542793197023,0.0,0.0,1.0,1.5051012146753007,0.04518477742331602,0.1817616585313837,0.0,0.0,1.0,1.2245496439044825,0.031960751103475606,0.004277316575946266,0.011961234531527198,0.17052534562211982,-0.1715450766716472,0.0,0.0,-2.0422000581290227,"a=0.10, d=0.005"
0.1185,0.1,0.005,10000,0.13821402969790067,0.0034883645044004557,9765.0,-0.19199975510374148,0.018419461784551838,-1.7454523191249225,0.0,0.0,1.0,1.5536090689177737,0.048003464403663765,0.17467252212475404,0.0,0.0,1.0,1.256491179071824,0.03246562436940715,0.004322077223728804,0.011961234531527198,0.17316052227342552,-0.18961339793518717,0.0,0.0,-2.1829746245334682,"a=0.10, d=0.005"
0.122,0.1,0.005,10000,0.14244342037890426,0.003589144490660055,9765.0,-0.21411491825449025,0.01860028631286154,-1.946499256859003,0.0,0.0,1.0,1.611570534646157,0.04904406150345048,0.1664808361596494,0.0,0.0,1.0,1.294940185262766,0.03306281853005031,0.004382290183156046,0.011961234531527198,0.17633256528417818,-0.21083294809547223,0.0,0.0,-1.845524836528302,"a=0.10, d=0.005"
0.1255,0.1,0.005,10000,0.14498003072196622,0.003665451716946438,9765.0,-0.22717390222624773,0.01878571095802484,-2.0652172929658885,0.0,0.0,1.0,1.6460647981278422,0.04974760262866709,0.16175384826905592,0.0,0.0,1.0,1.318000279290602,0.03341535693188319,0.004343751570887022,0.011961234531527198,0.17823502304147465,-0.2232710862026636,0.0,0.0,-1.5271589129394627,"a=0.10, d=0.005"
0.129,0.1,0.005,10000,0.14827547363031235,0.0035512303975332024,9765.0,-0.24393399969784735,0.01790592892481108,-2.217581815434976,0.0,0.0,1.0,1.6906661917933001,0.04784041783827598,0.15579072376907316,0.0,0.0,1.0,1.3479588511846579,0.0338677088181957,0.0043541279149730445,0.011961234531527198,0.1807066052227342,-0.23913653630767623,0.0,0.0,-1.8243027020849212,"a=0.10, d=0.005"
0.1325,0.1,0.005,10000,0.15220993343573988,0.0038047095113693183,9765.0,-0.2635866424408749,0.018913088945099275,-2.396242204007953,0.0,0.0,1.0,1.7434967682975273,0.050925167281931166,0.14898372935446144,0.0,0.0,1.0,1.3837266675976352,0.03439795889477906,0.004367659265563807,0.011961234531527198,0.18365745007680495,-0.25756270414630145,0.0,0.0,-1.800180854518029,"a=0.10, d=0.005"
0.136,0.1,0.005,10000,0.1556989247311828,0.003966696208636397,9765.0,-0.2807303193355812,0.019305861951107076,-2.552093812141647,0.0,0.0,1.0,1.790026940925808,0.05269627068508925,0.14318945778744693,0.0,0.0,1.0,1.41544477028348,0.03486038532935263,0.004422777824252643,0.011961234531527198,0.18627419354838715,-0.2734871585320109,0.0,0.0,-1.7542227134822497,"a=0.10, d=0.005"
0.1395,0.1,0.005,10000,0.15976753712237582,0.0038796075980556616,9765.0,-0.3004073352070948,0.018548945948608005,-2.7309757746099534,0.0,0.0,1.0,1.8438787528165428,0.051187934301202324,0.1367041703600857,0.0,0.0,1.0,1.452432155657962,0.03539100412348042,0.0044168935904033,0.011961234531527198,0.18932565284178193,-0.2915942357634885,0.0,0.0,-1.5614643289004846,"a=0.10, d=0.005"
0.14300000000000002,0.1,0.005,10000,0.16266052227342553,0.0035277573398096985,9765.0,-0.3142037814397062,0.016642977494160882,-2.856398013088238,0.0,0.0,1.0,1.881905923513619,0.04623648970118293,0.13225920748514353,0.0,0.0,1.0,1.4787320206675045,0.03576296054496944,0.004347698086834855,0.011961234531527198,0.19149539170506916,-0.30418066837209595,0.0,0.0,-1.458770326061206,"a=0.10, d=0.005"
0.14650000000000002,0.1,0.005,10000,0.16659088581669224,0.003762435202278724,9765.0,-0.33260810415755054,0.0174987304286738,-3.0237100377959134,0.0,0.0,1.0,1.9332189539768196,0.04898449340036882,0.12649277807765724,0.0,0.0,1.0,1.5144625983335664,0.03625900544626121,0.004389193967470134,0.011961234531527198,0.1944431643625192,-0.32077528555652335,0.0,0.0,-1.5262763231020706,"a=0.10, d=0.005"
0.15000000000000002,0.1,0.005,10000,0.17009114183307733,0.004005067722163816,9765.0,-0.3487250438132592,0.0183324740573305,-3.1702276710296298,0.0,0.0,1.0,1.978601492006411,0.051782766532618076,0.12157527322342904,0.0,0.0,1.0,1.5462831075734302,0.036693290520411426,0.004464135735428689,0.011961234531527198,0.19706835637480802,-0.335145556032205,0.0,0.0,-1.280228318498576,"a=0.10, d=0.005"
0.15350000000000003,0.1,0.005,10000,0.17306298003072196,0.0036995698120524867,9765.0,-0.3622522124648193,0.016672055419564378,-3.2932019314983574,0.0,0.0,1.0,2.0168731416297807,0.04751546283438917,0.1175311798481672,0.0,0.0,1.0,1.5732998184611084,0.03705773101834066,0.004374227761363213,0.011961234531527198,0.1992972350230415,-0.34711217581873227,0.0,0.0,-1.2340487663192938,"a=0.10, d=0.005"
0.157,0.1,0.005,10000,0.1765908858166923,0.0038996638026794375,9765.0,-0.3780358607769396,0.01731250984335725,-3.4366896434267242,0.0,0.0,1.0,2.062033878443156,0.049750243139727486,0.11293693185919404,0.0,0.0,1.0,1.6053716892426566,0.03748286026760638,0.004405386119183518,0.011961234531527198,0.20194316436251922,-0.36090735552273023,0.0,0.0,-1.2332091331168868,"a=0.10, d=0.005"
0.1605,0.1,0.005,10000,0.1798084997439836,0.00385048464292303,9765.0,-0.3922331839487489,0.016876594361071105,-3.5657562177158986,0.0,0.0,1.0,2.1029620508134705,0.04879336683140141,0.10889871591634902,0.0,0.0,1.0,1.634622724945306,0.037865189782102286,0.004389757715280264,0.011961234531527198,0.20435637480798774,-0.3731933999277253,0.0,0.0,-1.168000995514003,"a=0.10, d=0.005"
0.164,0.1,0.005,10000,0.18325448028673835,0.0042939881570844204,9765.0,-0.40717568394830195,0.01844458836990459,-3.7015971268027448,0.0,0.0,1.0,2.1465478582993036,0.05405092282124271,0.10476092489059602,0.0,0.0,1.0,1.6659498207885304,0.03826749507925709,0.004529711492636608,0.011961234531527198,0.2069408602150538,-0.38596100987189835,0.0,0.0,-1.236756677862136,"a=0.10, d=0.005"
0.1675,0.1,0.005,10000,0.1871530977982591,0.00390979041872441,9765.0,-0.42387299429078135,0.016591260292140978,-3.8533908571889213,0.0,0.0,1.0,2.1954928946650143,0.04891452572193909,0.10024141917131406,0.0,0.0,1.0,1.7013917981659918,0.03871697366901236,0.004433640552995392,0.011961234531527198,0.20986482334869433,-0.40009676728678045,0.0,0.0,-1.2129656876293904,"a=0.10, d=0.005"
0.171,0.1,0.005,10000,0.19072708653353815,0.00332719435410311,9765.0,-0.43893840050229704,0.013906326917339243,-3.9903490954754286,0.0,0.0,1.0,2.24005714679037,0.04135925090170108,0.09627016507719027,0.0,0.0,1.0,1.7338826048503466,0.03912244237111345,0.004312536238004637,0.011961234531527198,0.2125453149001536,-0.41269866897143287,0.0,0.0,-1.052919523252756,"a=0.10, d=0.005"
0.17450000000000002,0.1,0.005,10000,0.1939774705581157,0.0045844231749061,9765.0,-0.45230588774931446,0.018777481710427035,-4.111871706811949,0.0,0.0,1.0,2.280359420811701,0.05660958076645813,0.09287098250854477,0.0,0.0,1.0,1.763431550528325,0.039482108405262284,0.004581661778983043,0.011961234531527198,0.2149831029185868,-0.4236710566118325,0.0,0.0,-1.127385372251176,"a=0.10, d=0.005"
0.17800000000000002,0.1,0.005,10000,0.19838709677419353,0.0041472866470835595,9765.0,-0.4702876278991118,0.016701318970466665,-4.2753420718101065,0.0,0.0,1.0,2.33465303254028,0.05094530570423927,0.08837846747143203,0.0,0.0,1.0,1.8035190615835777,0.03996587826548347,0.004500107247762775,0.011961234531527198,0.21829032258064515,-0.43833390665792193,0.0,0.0,-1.0930455125558574,"a=0.10, d=0.005"
0.18150000000000002,0.1,0.005,10000,0.20164976958525344,0.004258475553464294,9765.0,-0.48333089717077043,0.016902968698293205,-4.393917247007004,0.0,0.0,1.0,2.3745606215303803,0.051986338006879074,0.08521966392065375,0.0,0.0,1.0,1.8331797235023044,0.04031670866548385,0.004534923334778831,0.011961234531527198,0.22073732718894007,-0.44880588670395255,0.0,0.0,-0.9484758348445599,"a=0.10, d=0.005"
0.18500000000000003,0.1,0.005,10000,0.20538863287250383,0.0041425945947623785,9765.0,-0.4980614337880149,0.016172217021173243,-4.527831216254682,0.0,0.0,1.0,2.4199947798933277,0.05027732907525765,0.08173913662752011,0.0,0.0,1.0,1.867169389750035,0.04071285992233016,0.004471703952109151,0.011961234531527198,0.22354147465437788,-0.4604973011317632,0.0,0.0,-0.8370004190660154,"a=0.10, d=0.005"
0.1885,0.1,0.005,10000,0.208068612391193,0.004733186596009013,9765.0,-0.5084161764778033,0.018259889546394174,-4.621965240707304,0.0,0.0,1.0,2.4524233476497947,0.05710755017513204,0.07936066098719166,0.0,0.0,1.0,1.891532839919937,0.040991275608286554,0.004640549643806392,0.011961234531527198,0.22555145929339482,-0.468589595188605,0.0,0.0,-0.7843713787555995,"a=0.10, d=0.005"
0.192,0.1,0.005,10000,0.21166513056835637,0.004534551330577168,9765.0,-0.5221922050855037,0.01717792817025587,-4.747201864413671,0.0,0.0,1.0,2.4956822737866355,0.05437647202445111,0.07624853697623092,0.0,0.0,1.0,1.9242284597123307,0.041361650049996986,0.004591760927171231,0.011961234531527198,0.2282488479262673,-0.4792823174689581,0.0,0.0,-0.8718898099909058,"a=0.10, d=0.005"
0.1955,0.1,0.005,10000,0.21524935995903743,0.0036946466458388965,9765.0,-0.5357407612537686,0.013795304032138349,-4.870370556852441,0.0,0.0,1.0,2.5385162466792575,0.04405908821458348,0.07325743231725532,0.0,0.0,1.0,1.956812363263976,0.04172586023949229,0.004382540985993915,0.011961234531527198,0.23093701996927807,-0.4896870035244927,0.0,0.0,-0.7741049834679252,"a=0.10, d=0.005"
0.199,0.1,0.005,10000,0.21832974910394262,0.00441638090241572,9765.0,-0.5471097670702579,0.016218664443894765,-4.973725155184162,0.0,0.0,1.0,2.5751737926397014,0.05237158764416238,0.07082980209195544,0.0,0.0,1.0,1.984815900944933,0.04203141093351392,0.004538267560224934,0.011961234531527198,0.23324731182795694,-0.498253351765024,0.0,0.0,-0.7017903285711586,"a=0.10, d=0.005"
0.2025,0.1,0.005,10000,0.22157808499743983,0.0045033085494765035,9765.0,-0.5589699827085989,0.01637829579521464,-5.081545297350899,0.0,0.0,1.0,2.6136058465027987,0.05312816019581871,0.0683449000172572,0.0,0.0,1.0,2.014346227249453,0.042350131484553064,0.004519368942713414,0.011961234531527198,0.23568356374807986,-0.5071128864838972,0.0,0.0,-0.8113898102743686,"a=0.10, d=0.005"
0.20600000000000002,0.1,0.005,10000,0.22592933947772656,0.004395066195855527,9765.0,-0.5745981446672961,0.015614718922547835,-5.223619496975419,0.0,0.0,1.0,2.664836495194424,0.0515653079824928,0.06515007342003486,0.0,0.0,1.0,2.0539030861611507,0.042770047741170894,0.004560666387547722,0.011961234531527198,0.23894700460829493,-0.5186366767065833,0.0,0.0,-0.743791918895992,"a=0.10, d=0.005"
0.20950000000000002,0.1,0.005,10000,0.22877419354838707,0.003903760285737747,9765.0,-0.5846743830997415,0.013658225600040687,-5.315221664543105,0.0,0.0,1.0,2.6981012003141274,0.0455393937157876,0.06313835658498525,0.0,0.0,1.0,2.079765395894428,0.04304075524870272,0.004414900851811813,0.011961234531527198,0.24108064516129032,-0.5259842928158476,0.0,0.0,-0.6460546084129426,"a=0.10, d=0.005"
0.21300000000000002,0.1,0.005,10000,0.23248950332821297,0.003948645872280359,9765.0,-0.5975879132415455,0.013619374314199755,-5.432617393104957,0.0,0.0,1.0,2.741374813549517,0.0458418383816359,0.06062769116114425,0.0,0.0,1.0,2.113540939347391,0.04338763420886272,0.004427013545496101,0.011961234531527198,0.24386712749615977,-0.5352608507314524,0.0,0.0,-0.6532057916452576,"a=0.10, d=0.005"
0.21650000000000003,0.1,0.005,10000,0.23568151561699946,0.004392396197746091,9765.0,-0.6084774494845578,0.014917078541570221,-5.5316131771323445,0.0,0.0,1.0,2.7783771893923235,0.0507553884402889,0.05856591604346845,0.0,0.0,1.0,2.1425592328818137,0.04368010173157869,0.004518559279209545,0.011961234531527198,0.2462611367127496,-0.5429701383506941,0.0,0.0,-0.6712521914423313,"a=0.10, d=0.005"
0.22,0.1,0.005,10000,0.23992524321556577,0.004471424875796746,9765.0,-0.6227360744785183,0.014924031807691588,-5.661237040713802,0.0,0.0,1.0,2.8272859746861365,0.05141983206774631,0.05592892582104796,0.0,0.0,1.0,2.1811385746869623,0.044063009979710195,0.00450323474392253,0.011961234531527198,0.2494439324116744,-0.5529455647746242,0.0,0.0,-0.7534257778344292,"a=0.10, d=0.005"
0.01,0.2,0.01,10000,0.039740818467995806,0.0017358961544259928,9530.0,0.4777745942497106,0.01597948427855662,4.343405402270096,1.0,0.0,0.0,0.14278405085184298,0.02719513053691437,0.46437092465224367,0.0,1.0,0.0,0.3612801678908709,0.014052872380230452,0.007415215110178382,0.024362212958302754,0.1688056138509969,0.4443693553174944,0.0,0.0,-3.6373364596257654,"a=0.20, d=0.010"
0.0135,0.2,0.01,10000,0.043015739769150046,0.001745031893392078,9530.0,0.4480681651624667,0.015669588520692026,4.073346956022425,1.0,0.0,0.0,0.1940805852830823,0.0272818957463357,0.4516402470435535,0.0,1.0,0.0,0.3910521797195459,0.014872848390370855,0.007410493179433368,0.024362212958302754,0.1712618048268625,0.42022542865564233,2.842170943040401e-14,0.0,-3.8822905537571017,"a=0.20, d=0.010"
0.017,0.2,0.01,10000,0.04675341028331584,0.002000988592719707,9530.0,0.41511034302339456,0.017396686926921534,3.7737303911217683,1.0,0.0,0.0,0.25261564349406196,0.03131965579744977,0.4371948907759438,0.0,1.0,0.0,0.42503100257559856,0.01578090056610676,0.007489925586540991,0.024362212958302754,0.17406505771248693,0.3927037570753039,-2.842170943040401e-14,0.0,-3.9798881492363236,"a=0.20, d=0.010"
0.0205,0.2,0.01,10000,0.05025393494228751,0.002467759437103378,9530.0,0.3850993894030528,0.02091972850321172,3.5009035400277524,1.0,0.0,0.0,0.3073835437680833,0.038569643523621404,0.42378102999889933,0.0,1.0,0.0,0.45685395402079565,0.016606348255591156,0.007597939708275742,0.024362212958302754,0.17669045120671567,0.3669903184057018,0.0,0.0,-3.675314698629002,"a=0.20, d=0.010"
0.024,0.2,0.01,10000,0.05349842602308501,0.0025443174139710176,9530.0,0.3578965687925911,0.021064669367328797,3.253605170841736,1.0,0.0,0.0,0.3580403362713875,0.03968506827422766,0.4114676878855408,0.0,1.0,0.0,0.4863493274825908,0.017353605271698748,0.007617554432360598,0.024362212958302754,0.1791238195173138,0.3432272430910753,0.0,0.0,-3.438405405147172,"a=0.20, d=0.010"
0.027500000000000004,0.2,0.01,10000,0.056627492130115434,0.0019397391227340085,9530.0,0.33214837577949685,0.015709805291313425,3.0195306889045175,1.0,0.0,0.0,0.406755546666115,0.03016449220248093,0.39971219216286913,0.0,1.0,0.0,0.5147953830010493,0.018060173482989657,0.007475197223685019,0.024362212958302754,0.18147061909758658,0.32037990592291565,0.0,0.0,-3.801663493208011,"a=0.20, d=0.010"
0.031,0.2,0.01,10000,0.0606379853095488,0.00256124610608653,9530.0,0.3000863908195542,0.020241062701908317,2.728058098359584,1.0,0.0,0.0,0.4691678378494632,0.03977884426789778,0.3848560434330847,0.0,0.7,0.3,0.551254411904989,0.018938688278337223,0.007613654029450249,0.024362212958302754,0.18447848898216163,0.2912837119287536,0.0,0.0,-3.858118312346022,"a=0.20, d=0.010"
0.0345,0.2,0.01,10000,0.06396956977964324,0.00251958410165446,9530.0,0.2740077045115638,0.01949914363773871,2.4909791319233068,1.0,0.0,0.0,0.5208201499750076,0.038993927437555816,0.372705363976447,0.0,0.23,0.77,0.581541543451302,0.01965252413220628,0.007578327779684839,0.024362212958302754,0.1869771773347325,0.26725677058868746,0.0,0.0,-3.6081299900525607,"a=0.20, d=0.010"
0.038,0.2,0.01,10000,0.06762119622245541,0.002302529964231656,9530.0,0.24602101367360002,0.017471844407836053,2.23655466976,1.0,0.0,0.0,0.5772790150979789,0.035523865689555005,0.35959913350271683,0.0,0.01,0.99,0.6147381474768673,0.020417831988119365,0.007549947534102832,0.024362212958302754,0.18971589716684156,0.24110566630729713,0.0,0.0,-3.6910277130848783,"a=0.20, d=0.010"
0.0415,0.2,0.01,10000,0.07123924449108081,0.002426602586895736,9530.0,0.2189311883311053,0.017995079567317985,1.9902835302827757,1.0,0.0,0.0,0.6330450370629284,0.03731907346105628,0.3468681699848528,0.0,0.0,1.0,0.6476294953734617,0.021157851276191155,0.007589481244449473,0.024362212958302754,0.19242943336831062,0.2154330776801842,0.0,0.0,-3.4915190948471064,"a=0.20, d=0.010"
0.045000000000000005,0.2,0.01,10000,0.0746379853095488,0.002770640164503181,9530.0,0.19402877093517845,0.020085231929212688,1.7638979175925311,1.0,0.0,0.0,0.685240465362572,0.04245654307070392,0.3351584998387871,0.0,0.0,1.0,0.6785271391777163,0.02183749979841903,0.0076566631689401875,0.024362212958302754,0.19497848898216155,0.19155691506931644,0.0,0.0,-3.481192585494931,"a=0.20, d=0.010"
0.0485,0.2,0.01,10000,0.07839034627492131,0.002709401990335611,9530.0,0.167047537409286,0.0192332617037569,1.5186139764480546,1.0,0.0,0.0,0.742608799534037,0.04136577399017445,0.3224998218863883,0.0,0.0,1.0,0.7126395115901937,0.022573328943139605,0.007637145855194123,0.024362212958302754,0.197792759706191,0.16545241916804926,0.0,0.0,-3.4282657061416018,"a=0.20, d=0.010"
0.052000000000000005,0.2,0.01,10000,0.08183630640083946,0.00296565130622336,9530.0,0.14279971708986114,0.02062827315667077,1.2981792462714647,1.0,0.0,0.0,0.7950803135865664,0.045080844146536486,0.31116063989579584,0.0,0.0,1.0,0.7439664218258132,0.02323406548580414,0.007705353924518452,0.024362212958302754,0.20037722980062964,0.14177935389638607,0.0,0.0,-3.2080318043936416,"a=0.20, d=0.010"
0.0555,0.2,0.01,10000,0.08529275970619098,0.002830182049535604,9530.0,0.11889467977314551,0.01938880180827175,1.0808607252104137,1.0,0.0,0.0,0.8474523922294346,0.04279067033649449,0.30004359925563284,0.0,0.0,1.0,0.7753887246017362,0.023885047053721936,0.0076791460314240625,0.024362212958302754,0.20296956977964326,0.11829396357571072,0.0,0.0,-3.1234365241439264,"a=0.20, d=0.010"
0.059000000000000004,0.2,0.01,10000,0.08872402938090239,0.002821866276445617,9530.0,0.09561455617078382,0.018973463761853666,0.8692232379162168,1.0,0.0,0.0,0.8991784524994965,0.04244688234842736,0.2892965842267884,0.0,0.0,1.0,0.8065820852809309,0.024518583759141108,0.00763914633579561,0.024362212958302754,0.20554302203567684,0.09529045987769345,0.0,0.0,-3.0418719212953107,"a=0.20, d=0.010"
0.0625,0.2,0.01,10000,0.09217628541448059,0.0025521997193640785,9530.0,0.07259244067635218,0.016818520676347398,0.6599312788759291,1.0,0.0,0.0,0.9509881293201944,0.03820215794804139,0.27875049580656563,0.0,0.0,1.0,0.8379662310407325,0.025144733448146047,0.007632190799635749,0.024362212958302754,0.20813221406086044,0.07244536741638707,0.0,0.0,-2.97242176127817,"a=0.20, d=0.010"
0.066,0.2,0.01,10000,0.09564008394543545,0.0027864062324228804,9530.0,0.049953504095176744,0.018055572759458214,0.45412276450160677,1.0,0.0,0.0,1.0026932881436215,0.04146642340138736,0.2684896318978412,0.0,0.0,1.0,0.869455308594868,0.025760058995652608,0.007691117611724623,0.024362212958302754,0.2107300629590766,0.04989603209216058,-19.999999999999986,0.0,-3.026073491184178,"a=0.20, d=0.010"
0.0695,0.2,0.01,10000,0.09945120671563483,0.0033788128296196288,9530.0,0.025542315861781476,0.02155398282983431,0.23220287147074065,0.86,0.07,0.07,1.059246520022952,0.05000977346694182,0.25756798136827636,0.0,0.0,1.0,0.9041018792330442,0.02642314007768803,0.007810140216117889,0.024362212958302754,0.21358840503672613,0.025523697208186816,-70.00000000000018,0.0,-2.984422795322523,"a=0.20, d=0.010"
0.073,0.2,0.01,10000,0.10303043022035675,0.0031567135164337363,9530.0,0.0029627534707505386,0.019698962289333675,0.026934122461368518,0.51,0.12,0.37,1.111999545370533,0.04644125266900608,0.24759867233058355,0.0,0.0,1.0,0.936640274730516,0.02703619336995471,0.007722148698776405,0.024362212958302754,0.21627282266526757,0.0029617414517363163,-104.28571428571438,0.0,-2.5832496849335342,"a=0.20, d=0.010"
0.0765,0.2,0.01,10000,0.10602623294858343,0.0028097733981609575,9530.0,-0.015639205140948177,0.017257842213050614,-0.142174592190438,0.13,0.08,0.79,1.1559390992097343,0.041076066110471904,0.2394852335737417,0.0,0.0,1.0,0.9638748449871222,0.027541018723126195,0.007700269979082984,0.024362212958302754,0.2185196747114376,-0.015632953750224395,-71.42857142857136,0.0,-2.473238041451424,"a=0.20, d=0.010"
0.08,0.2,0.01,10000,0.10954354669464848,0.00302185515428472,9530.0,-0.03707519477737313,0.018238415958206192,-0.3370472252488467,0.01,0.01,0.98,1.2072116091108733,0.04389744173501965,0.23028600604042357,0.0,0.0,1.0,0.9958504244968043,0.028122453136669973,0.007735966069365935,0.024362212958302754,0.2211576600209864,-0.037045579862055006,-18.571428571428527,0.0,-2.7841166111851123,"a=0.20, d=0.010"
0.08349999999999999,0.2,0.01,10000,0.11362014690451205,0.0030492472497661237,9530.0,-0.06148094445747877,0.01809059769878057,-0.5589176768861707,0.0,0.0,1.0,1.2662243077837159,0.04402449356680456,0.21999641729544595,0.0,0.0,1.0,1.0329104264046551,0.02878412558708421,0.007732238067031529,0.024362212958302754,0.22421511017838405,-0.06138405164445907,-1.4285714285714357,0.0,-2.5814891156936746,"a=0.20, d=0.010"
0.087,0.2,0.01,10000,0.11681427072402936,0.003000015164672959,9530.0,-0.08027604880910535,0.017538984105730286,-0.7297822619009576,0.0,0.0,1.0,1.3121490746548654,0.043025568217585054,0.21221558223056788,0.0,0.0,1.0,1.0619479156729945,0.0292934601518051,0.007712674799552535,0.024362212958302754,0.22661070304302208,-0.08008023262898499,0.0,0.0,-2.530267102757147,"a=0.20, d=0.010"
0.0905,0.2,0.01,10000,0.1210566631689402,0.0033402848355099965,9530.0,-0.1047648297709082,0.019108511240885327,-0.9524075433718926,0.0,0.0,1.0,1.3727442234643035,0.04760105013954573,0.2022845475761459,0.0,0.0,1.0,1.100515119717638,0.02995677665839326,0.00782312902608039,0.024362212958302754,0.22979249737670515,-0.10434596596151141,0.0,0.0,-2.3159947730700914,"a=0.20, d=0.010"
0.094,0.2,0.01,10000,0.12384365162644281,0.003619823692169287,9530.0,-0.12057986080228923,0.02039950461992301,-1.096180552748084,0.0,0.0,1.0,1.412249625447704,0.05119024940094642,0.19600361881907724,0.0,0.0,1.0,1.1258513784222073,0.03038497830064771,0.00783726937033989,0.024362212958302754,0.23188273871983214,-0.11994968098550088,0.0,0.0,-2.056330699247898,"a=0.20, d=0.010"
0.0975,0.2,0.01,10000,0.12754774396642182,0.0032881488851685308,9530.0,-0.14134347435680503,0.018210339862205722,-1.2849406759709547,0.0,0.0,1.0,1.464435983547438,0.04618656134303179,0.18789023268141058,0.0,0.0,1.0,1.1595249451492893,0.030947007334885347,0.0077348915277653165,0.024362212958302754,0.23466080797481642,-0.1403641742484916,0.0,0.0,-2.0162241104900858,"a=0.20, d=0.010"
0.10099999999999999,0.2,0.01,10000,0.13039139559286464,0.0033373401478292283,9530.0,-0.15701446823551907,0.01825414449377983,-1.427404256686537,0.0,0.0,1.0,1.5042766008706718,0.046560594434814695,0.18189005004564662,0.0,0.0,1.0,1.1853763235714967,0.03137102811078312,0.007795172785000772,0.024362212958302754,0.23679354669464853,-0.15568644498031167,0.0,0.0,-2.0532799218663556,"a=0.20, d=0.010"
0.1045,0.2,0.01,10000,0.13450472193074503,0.0030487020933762546,9530.0,-0.17934747620479213,0.01643255934725882,-1.630431601861747,0.0,0.0,1.0,1.5614797832421068,0.04226195400577397,0.17351727322834612,0.0,0.0,1.0,1.2227701993704092,0.03197511365378374,0.00774451491073863,0.024362212958302754,0.23987854144805876,-0.17740368481652838,0.0,0.0,-2.3845385601084352,"a=0.20, d=0.010"
0.108,0.2,0.01,10000,0.13881427072402938,0.00376484841817638,9530.0,-0.20221352725105668,0.019910732539528568,-1.8383047931914245,0.0,0.0,1.0,1.6209396463854109,0.05183116446680237,0.16519828012488758,0.0,0.0,1.0,1.2619479156729942,0.032593324613896996,0.007963140744807706,0.024362212958302754,0.24311070304302207,-0.19942768726474888,0.0,0.0,-1.7847666748261268,"a=0.20, d=0.010"
0.1115,0.2,0.01,10000,0.14104407135362013,0.0035878985340297934,9530.0,-0.21391463847445802,0.01873865469614897,-1.9446785315859823,0.0,0.0,1.0,1.6514374883082825,0.04906381367432066,0.16102390650456322,0.0,0.0,1.0,1.2822188304874558,0.03290960938149542,0.007812179737739857,0.024362212958302754,0.24478305351521512,-0.2106409599884572,0.0,0.0,-1.421078237144492,"a=0.20, d=0.010"
0.11499999999999999,0.2,0.01,10000,0.14421511017838406,0.0032379494114155583,9530.0,-0.2303567994550391,0.016597100617699992,-2.0941527223185377,0.0,0.0,1.0,1.6946555458400416,0.04392031605955342,0.15525073246487614,0.0,0.0,1.0,1.3110464561671276,0.033353942399610224,0.007762570957102783,0.024362212958302754,0.24716133263378803,-0.22630799075435168,0.0,0.0,-1.8507200602734066,"a=0.20, d=0.010"
0.1185,0.2,0.01,10000,0.14836306400839455,0.0038603844487845474,9530.0,-0.2514218917875412,0.019519581159231744,-2.2856535617049194,0.0,0.0,1.0,1.7507729840745734,0.052036659039073084,0.14806886608264938,0.0,0.0,1.0,1.348755127349041,0.03392298263197542,0.00792181549627191,0.024362212958302754,0.2502722980062959,-0.2461682399338368,0.0,0.0,-1.8929942800542996,"a=0.20, d=0.010"
0.122,0.2,0.01,10000,0.15200419727177336,0.0036667482919133486,9530.0,-0.26965075928813803,0.018187227769982592,-2.451370538983073,0.0,0.0,1.0,1.7996318078304734,0.04906638517527214,0.14199977250449602,0.0,0.0,1.0,1.381856338834303,0.03441528120079219,0.007860020986358867,0.024362212958302754,0.25300314795383,-0.2632196691933232,0.0,0.0,-1.581084291744105,"a=0.20, d=0.010"
0.1255,0.2,0.01,10000,0.15511332633788036,0.0032239116257551936,9530.0,-0.2849998444189614,0.015763613678860918,-2.590907676536012,0.0,0.0,1.0,1.8410818721009852,0.04283027951034015,0.13700127604044063,0.0,0.0,1.0,1.410121148526185,0.0348297041438895,0.007779845838377299,0.024362212958302754,0.2553349947534103,-0.2774631889035377,0.0,0.0,-1.4966242279567545,"a=0.20, d=0.010"
0.129,0.2,0.01,10000,0.15868310598111227,0.0035901607018592645,9530.0,-0.3022950924087679,0.017282628214904963,-2.7481372037160714,0.0,0.0,1.0,1.8883744740867925,0.04737694737521808,0.13152340290879874,0.0,0.0,1.0,1.4425736907373843,0.03529652473039204,0.007900698669520322,0.024362212958302754,0.25801232948583425,-0.29333230513433917,0.0,0.0,-1.517847482636153,"a=0.20, d=0.010"
0.1325,0.2,0.01,10000,0.16219307450157397,0.00423676660418266,9530.0,-0.31900580506303017,0.0200242150955105,-2.9000527733002746,0.0,0.0,1.0,1.9345216189372283,0.05549933483916119,0.12637634366198755,0.0,0.0,1.0,1.4744824954688545,0.03574744082249055,0.00802885339985948,0.024362212958302754,0.26064480587618055,-0.30849652234373226,0.0,0.0,-1.398855315407875,"a=0.20, d=0.010"
0.136,0.2,0.01,10000,0.1654438614900315,0.00364380269562578,9530.0,-0.33434664520094776,0.01704332940456255,-3.0395149563722526,0.0,0.0,1.0,1.9769781083195235,0.04741125781071832,0.1217314157009436,0.0,0.0,1.0,1.5040351044548317,0.036161333901975116,0.007885228358825129,0.024362212958302754,0.2630828961175236,-0.322338188841603,0.0,0.0,-1.3494077901042623,"a=0.20, d=0.010"
0.1395,0.2,0.01,10000,0.16897166841552988,0.0038695640345387033,9530.0,-0.35067519358533317,0.01776349733271573,-3.18795630532121,0.0,0.0,1.0,2.0227711453790294,0.05000821953566818,0.11693048913125771,0.0,0.0,1.0,1.5361060765048173,0.03660174478163081,0.00796937137043697,0.024362212958302754,0.26572875131164747,-0.3368807971145687,0.0,0.0,-1.3909240925832531,"a=0.20, d=0.010"
0.14300000000000002,0.2,0.01,10000,0.17275655823714586,0.003988541995331406,9530.0,-0.36791819628973826,0.01804045746469777,-3.344710875361257,0.0,0.0,1.0,2.0715309514325217,0.05119783481777099,0.11199494705286081,0.0,0.0,1.0,1.5705141657922348,0.037066710693638566,0.007983428866667273,0.024362212958302754,0.26856741867785944,-0.35207021295297813,0.0,0.0,-1.2526755313970277,"a=0.20, d=0.010"
0.14650000000000002,0.2,0.01,10000,0.17581846799580272,0.004078997925288514,9530.0,-0.38165628793387846,0.01818316597362724,-3.4696026175807124,0.0,0.0,1.0,2.110705835016968,0.0520143170753204,0.1081617604114785,0.0,0.0,1.0,1.598349709052752,0.03743708438051156,0.007964979886729137,0.024362212958302754,0.2708638509968521,-0.3640416893184802,0.0,0.0,-1.257914255039882,"a=0.20, d=0.010"
0.15000000000000002,0.2,0.01,10000,0.1799548793284365,0.004017293379949012,9530.0,-0.3999342303886636,0.017517101219613165,-3.6357657308060336,0.0,0.0,1.0,2.1632892792022966,0.05087346284779588,0.10318954726758163,0.0,0.0,1.0,1.6359534484403317,0.03792974672819697,0.007947475821629815,0.024362212958302754,0.2739661594963274,-0.3797936697455054,0.0,0.0,-1.2869809940255585,"a=0.20, d=0.010"
0.15350000000000003,0.2,0.01,10000,0.1834480587618048,0.0033306671816792917,9530.0,-0.4151522548406568,0.014344349944002004,-3.7741114076423345,0.0,0.0,1.0,2.2073696740470865,0.04193040914135484,0.09915289345329958,0.0,0.0,1.0,1.667709625107317,0.0383398525486903,0.007796101871955472,0.024362212958302754,0.2765860440713536,-0.3927709598905322,0.0,0.0,-1.1951611928682553,"a=0.20, d=0.010"
0.157,0.2,0.01,10000,0.1874071353620147,0.0037981712394561376,9530.0,-0.432029673133701,0.016070862439998113,-3.9275424830336463,0.0,0.0,1.0,2.257018503445592,0.04751586897140988,0.09482341891750387,0.0,0.0,1.0,1.7037012305637702,0.03879454940453459,0.007928221846660888,0.024362212958302754,0.279555351521511,-0.4069293317267185,0.0,0.0,-1.0567732930672111,"a=0.20, d=0.010"
0.1605,0.2,0.01,10000,0.19032843651626444,0.00402182010523959,9530.0,-0.44429934021094697,0.016837909052472372,-4.039084911008608,0.0,0.0,1.0,2.2933986888596003,0.04999887611575977,0.09175548040182913,0.0,0.0,1.0,1.7302585137842215,0.039125046939156534,0.007950699414466718,0.024362212958302754,0.2817463273871983,-0.4171053065071947,0.0,0.0,-0.8313202965033444,"a=0.20, d=0.010"
0.164,0.2,0.01,10000,0.19303882476390347,0.004313401366807405,9530.0,-0.45553398806956197,0.017714088113004563,-4.141218073359654,0.0,0.0,1.0,2.327001360237817,0.05324587792113886,0.08900417684198046,0.0,0.0,1.0,1.7548984069445772,0.03942761793287269,0.008030378186972761,0.024362212958302754,0.28377911857292765,-0.42632865682497284,0.0,0.0,-0.9759511287162237,"a=0.20, d=0.010"
0.1675,0.2,0.01,10000,0.1972014690451207,0.004099143747084545,9530.0,-0.4725730822067052,0.016592018867595565,-4.296118929151865,0.0,0.0,1.0,2.378290964429596,0.05030038505583248,0.08492382250081555,0.0,0.0,1.0,1.7927406276829156,0.03988644466120952,0.008015959557201696,0.024362212958302754,0.28690110178384054,-0.4401792352043373,0.0,0.0,-1.0463929040046818,"a=0.20, d=0.010"
0.171,0.2,0.01,10000,0.20066631689401884,0.0038666851710102775,9530.0,-0.4865176231698007,0.015444268136455407,-4.4228874833618255,0.0,0.0,1.0,2.4206669616884913,0.04716602273561102,0.08167942651394768,0.0,0.0,1.0,1.8242392444910807,0.04026186880437286,0.007925718959021125,0.024362212958302754,0.2894997376705142,-0.4513633693120884,0.0,0.0,-0.9507169568653797,"a=0.20, d=0.010"
0.17450000000000002,0.2,0.01,10000,0.20448478488982158,0.004059709021251367,9530.0,-0.5016038002976999,0.015888464949189295,-4.560034548160908,0.0,0.0,1.0,2.4671135915289897,0.049219026139432125,0.07826880380275789,0.0,0.0,1.0,1.8589525899074695,0.04066794660864234,0.007989425718713444,0.024362212958302754,0.2923635886673662,-0.4632865629134539,0.0,0.0,-0.8771933846663877,"a=0.20, d=0.010"
0.17800000000000002,0.2,0.01,10000,0.2076652675760756,0.0040779071291698905,9530.0,-0.5139814256417098,0.015771466509147288,-4.672558414924634,0.0,0.0,1.0,2.5055776226697377,0.049173952104794166,0.07553907282128296,0.0,0.0,1.0,1.8878660688734141,0.041001063973753415,0.008030636847876636,0.024362212958302754,0.2947489506820567,-0.47295116770507617,0.0,0.0,-0.736725456109955,"a=0.20, d=0.010"
0.18150000000000002,0.2,0.01,10000,0.2106327387198321,0.004835933703385861,9530.0,-0.5253133845101239,0.01844217351462174,-4.775576222819308,0.0,0.0,1.0,2.5412640093866643,0.057962915903742335,0.0731117256099882,0.0,0.0,1.0,1.9148430792712006,0.041305980596928,0.008168842906680048,0.024362212958302754,0.2969745540398741,-0.4816659851334713,0.0,0.0,-0.7833339150064464,"a=0.20, d=0.010"
0.18500000000000003,0.2,0.01,10000,0.21444596012591816,0.004083186053534989,9530.0,-0.5397831184165683,0.015292795961298957,-4.90711925833244,0.0,0.0,1.0,2.5868402577484115,0.0486536539982643,0.07005573541623783,0.0,0.0,1.0,1.9495087284174373,0.04169530289070095,0.007952202430248094,0.024362212958302754,0.2998344700944386,-0.492737422976106,0.0,0.0,-0.8297426877976957,"a=0.20, d=0.010"
0.1885,0.2,0.01,10000,0.21805771248688352,0.003891506552114791,9530.0,-0.5532167977728182,0.014307323917120203,-5.029243616116529,0.0,0.0,1.0,2.629775983140988,0.046134426072928426,0.06730352679540436,0.0,0.0,1.0,1.9823428407898505,0.04205667842246715,0.007905351169051139,0.024362212958302754,0.30254328436516265,-0.5028510919297406,0.0,0.0,-0.7654545499156988,"a=0.20, d=0.010"
0.192,0.2,0.01,10000,0.2216421825813222,0.00413020966927241,9530.0,-0.566301979697317,0.014908239886598756,-5.148199815430154,0.0,0.0,1.0,2.67216124900574,0.04866064644997034,0.06469755356682794,0.0,0.0,1.0,2.0149289325574737,0.04240861761577091,0.00796002050575738,0.024362212958302754,0.3052316369359916,-0.5125550785917314,0.0,0.0,-0.7496786685238792,"a=0.20, d=0.010"
0.1955,0.2,0.01,10000,0.22543022035676813,0.004184543405093423,9530.0,-0.5799096719193879,0.014879393666235832,-5.2719061083580705,0.0,0.0,1.0,2.716698598520628,0.049078476910619784,0.062055776115737205,0.0,0.0,1.0,2.049365639606983,0.042774557007552734,0.007983063615908025,0.024362212958302754,0.3080726652675761,-0.5225165162247876,0.0,0.0,-0.701060178301482,"a=0.20, d=0.010"
0.199,0.2,0.01,10000,0.22882686253934942,0.0044916998652783655,9530.0,-0.5918914199522952,0.01574502989582811,-5.380831090475413,0.0,0.0,1.0,2.756458470649065,0.05240219530885464,0.05979013231871755,0.0,0.0,1.0,2.0802442049031766,0.04309672049917466,0.00813467689818842,0.024362212958302754,0.31062014690451206,-0.531161010190404,0.0,0.0,-0.6478666347202395,"a=0.20, d=0.010"
0.2025,0.2,0.01,10000,0.2323441762854145,0.004057503059453963,9530.0,-0.6041524149381194,0.013982872578309189,-5.492294681255633,0.0,0.0,1.0,2.797338931861213,0.04708804729844595,0.057520709672695514,0.0,0.0,1.0,2.112219784412859,0.04342635939070397,0.007985353796376844,0.024362212958302754,0.31325813221406085,-0.5399237070384383,0.0,0.0,-0.5966039682527295,"a=0.20, d=0.010"
0.20600000000000002,0.2,0.01,10000,0.23547009443861489,0.005004148777385554,9530.0,-0.6147859165389725,0.017049428395677534,-5.588962877627024,0.0,0.0,1.0,2.8335746334748415,0.0577813303116174,0.055613904540948444,0.0,0.0,1.0,2.1406372221692265,0.043712185829657704,0.008246219876166614,0.024362212958302754,0.3156025708289612,-0.5473769810290073,0.0,0.0,-0.5826560725705763,"a=0.20, d=0.010"
0.20950000000000002,0.2,0.01,10000,0.2391227701993704,0.00486705774400584,9530.0,-0.627104047834621,0.01631340114512467,-5.700945889405646,0.0,0.0,1.0,2.87562067725643,0.05591849079022847,0.05344211716470148,0.0,0.0,1.0,2.173843365448822,0.04404327297875735,0.008133965460622837,0.024362212958302754,0.3183420776495278,-0.555953756271251,0.0,0.0,-0.6234234074310443,"a=0.20, d=0.010"
0.21300000000000002,0.2,0.01,10000,0.2429611752360966,0.004549714139322899,9530.0,-0.6398325851640633,0.01495467339607599,-5.816659865127848,0.0,0.0,1.0,2.919636546761804,0.0520317553865173,0.05124994068893113,0.0,0.0,1.0,2.2087379566917864,0.0443853469843834,0.008125461307408549,0.024362212958302754,0.3212208814270724,-0.5647004152359151,0.0,0.0,-0.49995121655044006,"a=0.20, d=0.010"
0.21650000000000003,0.2,0.01,10000,0.24532738719832106,0.00414470068813463,9530.0,-0.6475768497078775,0.013373980123244304,-5.887062270071613,0.0,0.0,1.0,2.946635523787683,0.04715925531599101,0.049942458648848394,0.0,0.0,1.0,2.2302489745301917,0.04459345059488031,0.008045519844895111,0.024362212958302754,0.3229955403987408,-0.569968323743601,0.0,0.0,-0.4772401489450786,"a=0.20, d=0.010"
0.22,0.2,0.01,10000,0.24920251836306398,0.0048100473889530595,9530.0,-0.6599802387950846,0.015294724792958434,-5.999820352682588,0.0,0.0,1.0,2.990678506305618,0.05449405314912434,0.0479092596463156,0.0,0.0,1.0,2.2654774396642186,0.04492670027948338,0.008137068990639353,0.024362212958302754,0.3259018887722981,-0.5782611444461735,0.0,0.0,-0.5809140007236592,"a=0.20, d=0.010"
0.01,0.3,0.02,10000,0.05466017316017316,0.0021451659381065105,9240.0,0.3343340153249259,0.017639284384694174,3.0394001393175074,1.0,0.0,0.0,0.4461079464751183,0.033617532692391004,0.3903157810097186,0.0,0.89,0.11,0.49691066509248316,0.017654736842044817,0.014541952939656197,0.04031297322059867,0.25399512987012984,0.322320774698322,0.0,0.0,-3.4330609487148727,"a=0.30, d=0.020"
0.0135,0.3,0.02,10000,0.05791341991341992,0.002614259437577231,9240.0,0.3079195814907306,0.021047567177338133,2.799268922643005,1.0,0.0,0.0,0.4969707046307969,0.04083151667857455,0.37830006768921653,0.0,0.42,0.58,0.5264856355765446,0.01838007495479026,0.01463175813446139,0.04031297322059867,0.25643506493506496,0.298424007251837,2.842170943040401e-14,0.0,-3.297615196584154,"a=0.30, d=0.020"
0.017,0.3,0.02,10000,0.060953463203463204,0.0028610646508047447,9240.0,0.28371907540623903,0.02253383912104053,2.5792643218749003,1.0,0.0,0.0,0.5443700473808032,0.044527865437572096,0.3672324746336294,0.0,0.09,0.91,0.5541223927587565,0.019043949131587246,0.014667906158284203,0.04031297322059867,0.2587150974025974,0.27621601697611153,-2.842170943040401e-14,0.0,-3.427814159600139,"a=0.30, d=0.020"
0.0205,0.3,0.02,10000,0.0645573593073593,0.0024017066873569413,9240.0,0.25553627808155543,0.01858692977594605,2.3230570734686857,1.0,0.0,0.0,0.6003664078676146,0.037251466749662024,0.3543053685720156,0.0,0.01,0.99,0.5868850846123573,0.019816383278490713,0.014562466554925903,0.04031297322059867,0.2614180194805195,0.25003490260874295,0.0,0.0,-3.7535042517877955,"a=0.30, d=0.020"
0.024,0.3,0.02,10000,0.06835930735930736,0.002635544286024919,9240.0,0.22656548360419212,0.019825341334739944,2.0596862145835644,1.0,0.0,0.0,0.6592910007167356,0.04077022527844241,0.34095794487111486,0.0,0.0,1.0,0.621448248720976,0.02060945439138012,0.014636313643394943,0.04031297322059867,0.26426948051948057,0.22268497193286863,0.0,0.0,-3.733003784049089,"a=0.30, d=0.020"
0.027500000000000004,0.3,0.02,10000,0.07208116883116884,0.0026073794553884895,9240.0,0.198811878228707,0.019226264629831957,1.8073807111700637,1.0,0.0,0.0,0.7167287778195776,0.040199411869882594,0.32817434208367197,0.0,0.0,1.0,0.6552833530106258,0.021368474220623147,0.014641549364711966,0.04031297322059867,0.26706087662337663,0.19616416643395013,0.0,0.0,-3.3232961815483932,"a=0.30, d=0.020"
0.031,0.3,0.02,10000,0.07520238095238095,0.002731744820472995,9240.0,0.17601569140384626,0.019765211931200916,1.600142649125875,1.0,0.0,0.0,0.7647031967363744,0.04192505412632366,0.3176948716002761,0.0,0.0,1.0,0.6836580086580087,0.021991369646373313,0.014649877251633341,0.04031297322059867,0.2694017857142857,0.17415509988158007,0.0,0.0,-3.4881007885042337,"a=0.30, d=0.020"
0.0345,0.3,0.02,10000,0.07945346320346319,0.002475636283196182,9240.0,0.1455706123177419,0.01750528213579652,1.3233692028885624,1.0,0.0,0.0,0.8297459756046207,0.037853355291659084,0.30375763656414234,0.0,0.0,1.0,0.7223042109405747,0.022822608551504153,0.014612244519191686,0.04031297322059867,0.27259009740259743,0.14450800045779488,0.0,0.0,-3.419482391662413,"a=0.30, d=0.020"
0.038,0.3,0.02,10000,0.08259307359307357,0.0027936285685213795,9240.0,0.12359779806544978,0.01944410184002553,1.1236163460495434,1.0,0.0,0.0,0.8775671196082119,0.04248803417880243,0.2937584948586392,0.0,0.0,1.0,0.7508461235733962,0.023421997451097586,0.014687408462652372,0.04031297322059867,0.27494480519480524,0.12292636813706728,0.0,0.0,-3.098757130271565,"a=0.30, d=0.020"
0.0415,0.3,0.02,10000,0.08636471861471863,0.0031015566265013696,9240.0,0.09769131201147467,0.021208410561720525,0.8881028364679514,1.0,0.0,0.0,0.9347082308023015,0.04694527336198611,0.2820663366522414,0.0,0.0,1.0,0.7851338055883511,0.024128208082615316,0.014717776986724154,0.04031297322059867,0.27777353896103896,0.09733708261005226,-1.4285714285714164,0.0,-2.7816640325747883,"a=0.30, d=0.020"
0.045000000000000005,0.3,0.02,10000,0.08894155844155843,0.003419486498420492,9240.0,0.08030242089130304,0.022812399732141473,0.7300220081027553,0.99,0.0,0.01,0.9735740377333212,0.05142470526107165,0.27428684663061564,0.0,0.0,1.0,0.8085596221959858,0.024601939170316108,0.014789572685084865,0.04031297322059867,0.27970616883116883,0.08009186445034835,0.0,0.0,-2.6733682889289483,"a=0.30, d=0.020"
0.0485,0.3,0.02,10000,0.09263419913419912,0.0025722202158194466,9240.0,0.05566061962804053,0.016936616591402574,0.5060056329821867,1.0,0.0,0.0,1.0289616232162075,0.03848312796112384,0.2633527586297388,0.0,0.0,1.0,0.842129083038174,0.02527299778260377,0.014592101941020636,0.04031297322059867,0.2824756493506494,0.05558745172703765,-5.714285714285694,0.0,-3.2454842011474767,"a=0.30, d=0.020"
0.052000000000000005,0.3,0.02,10000,0.09677056277056276,0.0027660069428648627,9240.0,0.02872845768620856,0.017802714049527626,0.2611677971473506,0.95,0.01,0.04,1.090681626440106,0.041166776038075906,0.2515684572225833,0.0,0.0,1.0,0.8797323888232981,0.026005839058502102,0.01470353833278224,0.04031297322059867,0.2855779220779221,0.028711898185998782,-38.571428571428626,0.0,-2.7805363378040298,"a=0.30, d=0.020"
0.0555,0.3,0.02,10000,0.09955844155844157,0.0030311493480325415,9240.0,0.010909156194626863,0.019208240683507686,0.0991741472238806,0.73,0.05,0.22,1.1319847643745198,0.04482249455056179,0.24388900426511054,0.0,0.0,1.0,0.9050767414403778,0.026490433656420228,0.014683884373396551,0.04031297322059867,0.2876688311688312,0.01090553225908918,-102.85714285714275,0.0,-2.7217078762497025,"a=0.30, d=0.020"
0.059000000000000004,0.3,0.02,10000,0.10382359307359308,0.003519222011894765,9240.0,-0.015859091800314452,0.021821441145741884,-0.14417356182104052,0.23,0.05,0.72,1.1948642779313747,0.05171411813204329,0.23251650208883543,0.0,0.0,1.0,0.9438508461235735,0.02721799769134058,0.01485438053354314,0.04031297322059867,0.29086769480519487,-0.015849156755619518,-94.28571428571419,0.0,-2.6976395270210034,"a=0.30, d=0.020"
0.0625,0.3,0.02,10000,0.10673376623376622,0.0035698739257198804,9240.0,-0.03382673016016036,0.02187339787117063,-0.30751572872873056,0.07,0.0,0.93,1.2374705475641086,0.05213001624897904,0.22500552757596348,0.0,0.0,1.0,0.9703069657615113,0.02770612858321271,0.014868831168831167,0.04031297322059867,0.2930503246753247,-0.033797706286154264,-32.85714285714288,0.0,-2.345282319441825,"a=0.30, d=0.020"
0.066,0.3,0.02,10000,0.11028679653679653,0.003223544924813166,9240.0,-0.05545750323665783,0.019443019141604557,-0.5041591203332529,0.0,0.0,1.0,1.2891573330036286,0.04676212654012192,0.21609952585274264,0.0,0.0,1.0,1.002607241243605,0.02829354605110248,0.01475246041070432,0.04031297322059867,0.29571509740259744,-0.05538047056732803,-9.999999999999991,0.0,-2.325991485378694,"a=0.30, d=0.020"
0.0695,0.3,0.02,10000,0.11333008658008659,0.002961792418213974,9240.0,-0.07368244193337731,0.017582179062245334,-0.669840381212521,0.0,0.0,1.0,1.333161251663994,0.04266618189177096,0.2087235871783126,0.0,0.0,1.0,1.0302735143644235,0.0287882520395148,0.014676298701298697,0.04031297322059867,0.29799756493506496,-0.07352707671903547,0.0,0.0,-2.3509687930984136,"a=0.30, d=0.020"
0.073,0.3,0.02,10000,0.11723051948051948,0.003371293933466996,9240.0,-0.09658583178014174,0.019650852889995622,-0.8780530161831064,0.0,0.0,1.0,1.3892208648434254,0.048254125182309794,0.19964274430105378,0.0,0.0,1.0,1.0657319952774498,0.02940963475527425,0.014798507471048121,0.04031297322059867,0.30092288961038965,-0.09625037702433221,0.0,0.0,-2.353393548710038,"a=0.30, d=0.020"
0.0765,0.3,0.02,10000,0.12051731601731604,0.0032716255464412753,9240.0,-0.11559585809578596,0.0187794426833816,-1.0508714372344181,0.0,0.0,1.0,1.4361160749086324,0.046511503300531755,0.19224983233734236,0.0,0.0,1.0,1.0956119637937818,0.02992519315808467,0.014778661360120708,0.04031297322059867,0.303387987012987,-0.11504436475557708,0.0,0.0,-2.128271074458855,"a=0.30, d=0.020"
0.08,0.3,0.02,10000,0.12398051948051945,0.00326768146722545,9240.0,-0.13529847684294716,0.01847379197820814,-1.2299861531177014,0.0,0.0,1.0,1.4851904755736818,0.04615726724735445,0.18474484677984176,0.0,0.0,1.0,1.127095631641086,0.030459321595452744,0.014755111017867108,0.04031297322059867,0.3059853896103896,-0.1344348928248538,0.0,0.0,-2.1290714388584533,"a=0.30, d=0.020"
0.08349999999999999,0.3,0.02,10000,0.1275357142857143,0.0036001254406850675,9240.0,-0.15516354600889762,0.019983998035058823,-1.4105776909899783,0.0,0.0,1.0,1.5352443467752244,0.05047299387202823,0.1773463322653332,0.0,0.0,1.0,1.1594155844155845,0.030997629265981815,0.0148621308476715,0.04031297322059867,0.30865178571428575,-0.15387098192885812,0.0,0.0,-1.912533183843376,"a=0.30, d=0.020"
0.087,0.3,0.02,10000,0.13050324675324673,0.003350068663430871,9240.0,-0.17154028521771716,0.01833714876580833,-1.5594571383428837,0.0,0.0,1.0,1.576746806042497,0.046630013742983326,0.17135711449293814,0.0,0.0,1.0,1.1863931523022433,0.031441285018896516,0.014827224968359103,0.04031297322059867,0.31087743506493504,-0.16982246334597817,0.0,0.0,-2.029772561463332,"a=0.30, d=0.020"
0.0905,0.3,0.02,10000,0.13475865800865802,0.0034426815209417485,9240.0,-0.19459431771544675,0.018522261827255825,-1.769039251958607,0.0,0.0,1.0,1.635819746872865,0.04760080756969265,0.16313792433508986,0.0,0.0,1.0,1.2250787091696183,0.032065580809802194,0.014855195782736433,0.04031297322059867,0.3140689935064935,-0.19211254117889173,0.0,0.0,-1.9235903286857798,"a=0.30, d=0.020"
0.094,0.3,0.02,10000,0.13757900432900433,0.0032550092169311234,9240.0,-0.20964721658924718,0.017191055529079697,-1.9058837871749745,0.0,0.0,1.0,1.67467100813586,0.044653314443707674,0.15789198219213768,0.0,0.0,1.0,1.2507182211727665,0.032473081274651615,0.014777093143145976,0.04031297322059867,0.3161842532467533,-0.20657048026371236,0.0,0.0,-1.8462939910321765,"a=0.30, d=0.020"
0.0975,0.3,0.02,10000,0.1418831168831169,0.003135907174762492,9240.0,-0.23223175283108033,0.016240860808717693,-2.111197753009822,0.0,0.0,1.0,1.7335555595547072,0.04273005034876448,0.1502138663978646,0.0,0.0,1.0,1.2898465171192444,0.03308425971332378,0.014744805194805193,0.04031297322059867,0.3194123376623377,-0.22808816320119873,0.0,0.0,-1.9974306574305132,"a=0.30, d=0.020"
0.10099999999999999,0.3,0.02,10000,0.14561796536796537,0.0040602229098895245,9240.0,-0.2513890792418228,0.02063257436831724,-2.285355265834753,0.0,0.0,1.0,1.7842463086572748,0.05490743904712496,0.1439099675901241,0.0,0.0,1.0,1.3237996851633216,0.03360246368143386,0.014963335707254404,0.04031297322059867,0.3222134740259741,-0.24612547659550124,0.0,0.0,-1.5387048827361944,"a=0.30, d=0.020"
0.1045,0.3,0.02,10000,0.1483268398268398,0.003615837808388741,9240.0,-0.26517460319001807,0.018290704749584944,-2.410678210818346,0.0,0.0,1.0,1.8207686443896882,0.04858327393090568,0.13944293221871126,0.0,0.0,1.0,1.348425816607635,0.03397530389129231,0.014866975003515654,0.04031297322059867,0.3242451298701299,-0.25904967678136026,0.0,0.0,-1.419475682703684,"a=0.30, d=0.020"
0.108,0.3,0.02,10000,0.15179004329004328,0.0037224384093399424,9240.0,-0.28249844592602025,0.01842102108868242,-2.5681676902365473,0.0,0.0,1.0,1.8671623914013995,0.049640099303746396,0.1339736378111983,0.0,0.0,1.0,1.3799094844549393,0.03444369550429201,0.01488089638286791,0.04031297322059867,0.32684253246753253,-0.2751299382134068,0.0,0.0,-1.693212104126971,"a=0.30, d=0.020"
0.1115,0.3,0.02,10000,0.15601190476190477,0.0036029873015313895,9240.0,-0.30327293459854066,0.01755376982970902,-2.757026678168551,0.0,0.0,1.0,1.9232724954665341,0.04771248056345275,0.12759044748982246,0.0,0.0,1.0,1.4182900432900432,0.03500521863947433,0.01482704775891362,0.04031297322059867,0.33000892857142866,-0.2942230348282705,0.0,0.0,-1.373643620575777,"a=0.30, d=0.020"
0.11499999999999999,0.3,0.02,10000,0.15824242424242424,0.0039034371107717425,9240.0,-0.31406137337949586,0.018804635067076133,-2.8551033943590522,0.0,0.0,1.0,1.9527694360142456,0.051313632364612255,0.12435813246716788,0.0,0.0,1.0,1.4385674931129475,0.035296738968965465,0.014976799329555422,0.04031297322059867,0.3316818181818182,-0.3040306398584533,0.0,0.0,-1.3560238220216476,"a=0.30, d=0.020"
0.1185,0.3,0.02,10000,0.16272186147186143,0.0038666397651187317,9240.0,-0.33545427297064717,0.01830468478355117,-3.049584299733157,0.0,0.0,1.0,2.011528977820896,0.05050795083858081,0.11809828073567091,0.0,0.0,1.0,1.479289649744195,0.03587468698001351,0.014956392543014493,0.04031297322059867,0.33504139610389616,-0.3233173668230902,0.0,0.0,-1.5531892154071585,"a=0.30, d=0.020"
0.122,0.3,0.02,10000,0.1661818181818182,0.00380964803282927,9240.0,-0.3516892712735291,0.017745324303164323,-3.1971751933957178,0.0,0.0,1.0,2.05655361519714,0.04940214663667198,0.11348580795931776,0.0,0.0,1.0,1.510743801652893,0.036313165913308555,0.014923148722392632,0.04031297322059867,0.3376363636363637,-0.33777968818652915,0.0,0.0,-1.4415635325818918,"a=0.30, d=0.020"
0.1255,0.3,0.02,10000,0.17049350649350647,0.00392320318401757,9240.0,-0.37155789852760895,0.017864194893493713,-3.3777990775237168,0.0,0.0,1.0,2.1122459404205305,0.05051611387711094,0.10800733600759765,0.0,0.0,1.0,1.5499409681227863,0.036849633486206027,0.014946113671520185,0.04031297322059867,0.34087012987013,-0.3552553454299898,0.0,0.0,-1.317599795736161,"a=0.30, d=0.020"
0.129,0.3,0.02,10000,0.17357900432900433,0.004139697879043699,9240.0,-0.38553092664325783,0.018699836349126406,-3.5048266058477986,0.0,0.0,1.0,2.1518376794181906,0.05298674375838151,0.10426260938916462,0.0,0.0,1.0,1.5779909484454941,0.03722681703695987,0.015047787041112249,0.04031297322059867,0.34318425324675317,-0.367391517680947,0.0,0.0,-1.0430420892172059,"a=0.30, d=0.020"
0.1325,0.3,0.02,10000,0.17660064935064934,0.0037932408029555773,9240.0,-0.39907436114775763,0.016850629721216627,-3.627948737706887,0.0,0.0,1.0,2.19032238510656,0.04820648296317628,0.1007060413830772,0.0,0.0,1.0,1.605460448642267,0.03759235092087733,0.014889661360120708,0.04031297322059867,0.34545048701298703,-0.379065467289762,0.0,0.0,-0.9630108925603125,"a=0.30, d=0.020"
0.136,0.3,0.02,10000,0.17940151515151512,0.003499195833388094,9240.0,-0.411461305705504,0.01537047409848605,-3.74055732459549,0.0,0.0,1.0,2.2258496274422215,0.04416498707281002,0.09752153314124243,0.0,0.0,1.0,1.6309228650137744,0.037926607573052315,0.014873277893952682,0.04031297322059867,0.3475511363636364,-0.3896355722358578,0.0,0.0,-1.1398628735462566,"a=0.30, d=0.020"
0.1395,0.3,0.02,10000,0.1838344155844156,0.0037365941301197663,9240.0,-0.43070281611188294,0.01609336562040944,-3.9154801464716633,0.0,0.0,1.0,2.281670512727366,0.04687063224530171,0.0927270012682534,0.0,0.0,1.0,1.6712219598583231,0.03844570016011451,0.014923343527587434,0.04031297322059867,0.3508758116883117,-0.4058217003660129,0.0,0.0,-1.1336872154632864,"a=0.30, d=0.020"
0.14300000000000002,0.3,0.02,10000,0.18687662337662336,0.00396215588118612,9240.0,-0.4436834946388803,0.016891329743019858,-4.033486314898912,0.0,0.0,1.0,2.31970043716541,0.04940287725660401,0.08958572263299941,0.0,0.0,1.0,1.69887839433294,0.038795810728627166,0.014941686356605054,0.04031297322059867,0.35315746753246763,-0.4165961709476179,0.0,0.0,-0.922365848563107,"a=0.30, d=0.020"
0.14650000000000002,0.3,0.02,10000,0.1901926406926407,0.0037319725076356966,9240.0,-0.45766749174019866,0.01560767144871026,-4.160613561274533,0.0,0.0,1.0,2.3609228029007694,0.04622334262791093,0.08627044032831165,0.0,0.0,1.0,1.7290240062967337,0.039172927108871367,0.014889900293034431,0.04031297322059867,0.3556444805194805,-0.42809699816440655,0.0,0.0,-0.9911322253078811,"a=0.30, d=0.020"
0.15000000000000002,0.3,0.02,10000,0.19402597402597402,0.004714763939986177,9240.0,-0.47348100897845924,0.019361833078418596,-4.304372808895085,0.0,0.0,1.0,2.4082924494667495,0.05802069473412499,0.08264779705584424,0.0,0.0,1.0,1.7638724911452186,0.039599266229911285,0.01513347856439726,0.04031297322059867,0.35851948051948057,-0.440875807107659,0.0,0.0,-1.069508235085058,"a=0.30, d=0.020"
0.15350000000000003,0.3,0.02,10000,0.19825108225108223,0.004215793043336581,9240.0,-0.4907213995590316,0.016978516940861457,-4.461103632354833,0.0,0.0,1.0,2.4600929830013083,0.051565253656763635,0.07878388268271623,0.0,0.0,1.0,1.8022825659189294,0.040064014643703086,0.014987046781371992,0.04031297322059867,0.36168831168831167,-0.4546858714740651,0.0,0.0,-0.9484287872089663,"a=0.30, d=0.020"
0.157,0.3,0.02,10000,0.2014448051948052,0.00434614362056365,9240.0,-0.5034975234814515,0.017180863072587756,-4.577250213467741,0.0,0.0,1.0,2.499016033876945,0.05281158934370381,0.0760087955453815,0.0,0.0,1.0,1.8313164108618656,0.040408341794205604,0.015025703253784557,0.04031297322059867,0.36408360389610395,-0.4647566530017822,0.0,0.0,-0.7902677238698832,"a=0.30, d=0.020"
0.1605,0.3,0.02,10000,0.20474242424242423,0.004413459163819651,9240.0,-0.5165014687364845,0.01729387204934702,-4.695467897604405,0.0,0.0,1.0,2.5389784691456985,0.05333793670270923,0.07325200861562706,0.0,0.0,1.0,1.8612947658402204,0.040758752271684316,0.015047470465092418,0.04031297322059867,0.3665568181818182,-0.47488651287864014,0.0,0.0,-0.7576049576439008,"a=0.30, d=0.020"
0.164,0.3,0.02,10000,0.20788852813852812,0.003938383967196213,9240.0,-0.528767919795496,0.015264034384525178,-4.8069810890499625,0.0,0.0,1.0,2.576857557637677,0.04732285234512353,0.07070556084187418,0.0,0.0,1.0,1.8898957103502558,0.04108924950192388,0.01487647856439726,0.04031297322059867,0.36891639610389604,-0.4843533775851722,0.0,0.0,-0.8079132259104469,"a=0.30, d=0.020"
0.1675,0.3,0.02,10000,0.2119166666666667,0.0038888059866109916,9240.0,-0.5441799198208753,0.014683271748741707,-4.947090180189776,0.0,0.0,1.0,2.625126201824291,0.04644177781557014,0.06759661603425392,0.0,0.0,1.0,1.926515151515151,0.04150441666986406,0.014886080854702808,0.04031297322059867,0.3719374999999999,-0.4960656139384952,0.0,0.0,-0.8466936094941264,"a=0.30, d=0.020"
0.171,0.3,0.02,10000,0.21577056277056275,0.004515425043660381,9240.0,-0.5586141466469647,0.016842490237168765,-5.078310424063317,0.0,0.0,1.0,2.6710478334249625,0.053637188984953364,0.06477870557541529,0.0,0.0,1.0,1.96155057064148,0.04189316078341207,0.015095305544090104,0.04031297322059867,0.3748279220779221,-0.506842775098881,0.0,0.0,-0.7573860554050427,"a=0.30, d=0.020"
0.17450000000000002,0.3,0.02,10000,0.21927597402597404,0.003983872493232447,9240.0,-0.5716023253285836,0.014571628262255469,-5.196384775714397,0.0,0.0,1.0,2.712514138070257,0.04709353858204757,0.06229491364641862,0.0,0.0,1.0,1.9934179456906727,0.04224292384458226,0.014956596425055773,0.04031297322059867,0.3774569805194805,-0.5164554481198508,0.0,0.0,-0.5807068165846676,"a=0.30, d=0.020"
0.17800000000000002,0.3,0.02,10000,0.22161796536796538,0.004396242417581786,9240.0,-0.5801097145964174,0.015966620322059144,-5.27372467814925,0.0,0.0,1.0,2.740111986399749,0.051641925389665534,0.06071375785932262,0.0,0.0,1.0,2.0147087760724127,0.04247197904644937,0.0150418792067166,0.04031297322059867,0.37921347402597405,-0.5226493587640814,0.0,0.0,-0.5856427151375971,"a=0.30, d=0.020"
0.18150000000000002,0.3,0.02,10000,0.22543939393939386,0.00394303519850495,9240.0,-0.5938728496782649,0.014083912146255284,-5.398844087984225,0.0,0.0,1.0,2.7849222274659873,0.04605909914262518,0.05819541464045543,0.0,0.0,1.0,2.0494490358126725,0.04284251289683013,0.014971418517040471,0.04031297322059867,0.3820795454545455,-0.53260041103905,0.0,0.0,-0.8536678565350275,"a=0.30, d=0.020"
0.18500000000000003,0.3,0.02,10000,0.2310248917748918,0.004253018652985926,9240.0,-0.6134899412860046,0.01477110011714577,-5.577181284418223,0.0,0.0,1.0,2.849984153457992,0.049521412552486724,0.05473808286357742,0.0,0.0,1.0,2.1002262888626526,0.04337053140552742,0.01508028836793879,0.04031297322059867,0.38626866883116884,-0.5464963328300413,0.0,0.0,-0.6231016548169759,"a=0.30, d=0.020"
0.1885,0.3,0.02,10000,0.23253354978354973,0.00391745039496455,9240.0,-0.6187290467037582,0.013447797156013597,-5.62480951548871,0.0,0.0,1.0,2.8674210447505484,0.04531612246463783,0.053833703056736605,0.0,0.0,1.0,2.1139413616686347,0.0435115350456719,0.014943879206716602,0.04031297322059867,0.38740016233766233,-0.5501738067047848,0.0,0.0,-0.46197821779697357,"a=0.30, d=0.020"
0.192,0.3,0.02,10000,0.23660822510822513,0.004621231706297721,9240.0,-0.6325878203305203,0.015598270860742608,-5.750798366641094,0.0,0.0,1.0,2.9144676140310697,0.053211273523375395,0.051504235338998595,0.0,0.0,1.0,2.1509838646202284,0.043884461552559255,0.015134599357680658,0.04031297322059867,0.39045616883116885,-0.5597389856548459,0.0,0.0,-0.5760604100989397,"a=0.30, d=0.020"
0.1955,0.3,0.02,10000,0.23968290043290047,0.004337578826193807,9240.0,-0.6429256655586204,0.014477397810167677,-5.844778777805638,0.0,0.0,1.0,2.9497328521555444,0.04968331612924396,0.049801280186044024,0.0,0.0,1.0,2.178935458480913,0.044162617713560906,0.015024608434527131,0.04031297322059867,0.39276217532467533,-0.5668085092019427,0.0,0.0,-0.5297928749243912,"a=0.30, d=0.020"
0.199,0.3,0.02,10000,0.2434707792207792,0.004547407669728931,9240.0,-0.6554170550619582,0.014848899327918216,-5.958336864199619,0.0,0.0,1.0,2.993044521150842,0.051853182966213204,0.04779568521452785,0.0,0.0,1.0,2.213370720188902,0.04449866883985479,0.015130094819257424,0.04031297322059867,0.39560308441558445,-0.5752213956524048,0.0,0.0,-0.47230103016826064,"a=0.30, d=0.020"
0.2025,0.3,0.02,10000,0.24600324675324675,0.004232975955312606,9240.0,-0.6636736254705613,0.013686660685228075,-6.03339659518692,0.0,0.0,1.0,3.021830880641085,0.04800837763857249,0.046495172974866196,0.0,0.0,1.0,2.2363931523022433,0.04472077293188943,0.015029160033294171,0.04031297322059867,0.3975024350649351,-0.5807316357017577,0.0,0.0,-0.4749620052471917,"a=0.30, d=0.020"
0.20600000000000002,0.3,0.02,10000,0.25012554112554114,0.004360827975322872,9240.0,-0.6768573716607239,0.013823927678902878,-6.153248833279308,0.0,0.0,1.0,3.0685232112382885,0.04925206486111206,0.04447095117779751,0.0,0.0,1.0,2.2738685556867377,0.04507537043560109,0.015044338639879291,0.04031297322059867,0.4005941558441558,-0.589399798458592,0.0,0.0,-0.5432551856440861,"a=0.30, d=0.020"
0.20950000000000002,0.3,0.02,10000,0.2539350649350649,0.004863883060594088,9240.0,-0.6887809773534618,0.01516778359197035,-6.261645248667834,0.0,0.0,1.0,3.1114642525747236,0.05473043975132675,0.04269238667535759,0.0,0.0,1.0,2.308500590318772,0.045396026639753596,0.015138923055463707,0.04031297322059867,0.40345129870129864,-0.5971108093425056,0.0,0.0,-0.49202260083442795,"a=0.30, d=0.020"
0.21300000000000002,0.3,0.02,10000,0.25762662337662334,0.004674757172669555,9240.0,-0.700172414129516,0.014282521384768711,-6.365203764813782,0.0,0.0,1.0,3.1528836811864176,0.05236282051436595,0.04102679297195651,0.0,0.0,1.0,2.342060212514758,0.045702342836256626,0.015137342550045806,0.04031297322059867,0.40621996753246753,-0.6043997415368907,0.0,0.0,-0.43494545537381235,"a=0.30, d=0.020"
0.21650000000000003,0.3,0.02,10000,0.2608235930735931,0.004848021565690937,9240.0,-0.7098472786239934,0.014577469020733836,-6.453157078399942,0.0,0.0,1.0,3.1885964080094933,0.054044076350321484,0.0396477684877409,0.0,0.0,1.0,2.371123573396301,0.04596246748081288,0.015170993855778412,0.04031297322059867,0.40861769480519483,-0.6105004998409709,0.0,0.0,-0.40806380785809004,"a=0.30, d=0.020"
0.22,0.3,0.02,10000,0.2643712121212121,0.004734703589044982,9240.0,-0.720425899892897,0.013985663404505102,-6.5493263626627005,0.0,0.0,1.0,3.228041301963101,0.052561162724753425,0.03817034631694989,0.0,0.0,1.0,2.403374655647383,0.046246864977988106,0.015109211702374305,0.04031297322059867,0.41127840909090907,-0.6170990639196724,0.0,0.0,-0.4221206202260065,"a=0.30, d=0.020"
0.01,0.35,0.03,10000,0.06638163716814159,0.002775773974462068,9040.0,0.22778663251518727,0.02125901755015305,2.070787568319884,1.0,0.0,0.0,0.6755811122751048,0.0431483342526537,0.3373148413134755,0.0,0.0,1.0,0.6034694288012872,0.02022686555207225,0.021673801003097185,0.05175790477917808,0.3042862278761062,0.2238307148620595,0.0,0.0,-2.9532886804759837,"a=0.35, d=0.030"
0.0135,0.35,0.03,10000,0.06938716814159292,0.0025954768757203116,9040.0,0.20503842940826708,0.019453654235784348,1.8639857218933378,1.0,0.0,0.0,0.7221598270117804,0.040167506368388485,0.32697833093180956,0.0,0.0,1.0,0.6307924376508447,0.020849997790021856,0.021608162855486692,0.05175790477917808,0.3065403761061948,0.20213984295515522,2.842170943040401e-14,0.0,-3.2521635477015067,"a=0.35, d=0.030"
0.017,0.35,0.03,10000,0.07307964601769912,0.00248745498756531,9040.0,0.17765961677239125,0.018235009099129774,1.6150874252035576,1.0,0.0,0.0,0.7792038634135207,0.038344553787829416,0.3145496964795649,0.0,0.0,1.0,0.6643604183427193,0.021599290649183086,0.02162653281424769,0.05175790477917808,0.3093097345132743,0.17575767218084185,-2.842170943040401e-14,0.0,-3.3156645294717038,"a=0.35, d=0.030"
0.0205,0.35,0.03,10000,0.07636725663716815,0.0027634308976118866,9040.0,0.15381345051130238,0.019889818477340702,1.3983040955572943,1.0,0.0,0.0,0.82976440066786,0.0423952024513779,0.30376867922550765,0.0,0.0,1.0,0.6942477876106196,0.022251298929820848,0.02166637168141593,0.05175790477917808,0.3117754424778761,0.15255326704491207,0.0,0.0,-3.169579737915271,"a=0.35, d=0.030"
0.024,0.35,0.03,10000,0.079929203539823,0.0027185532033198907,9040.0,0.1284389523560667,0.019211770471678817,1.1676268396006064,1.0,0.0,0.0,0.8842900973782879,0.04150850347391606,0.292362638314158,0.0,0.0,1.0,0.7266291230893002,0.022944593229421176,0.021661725663716814,0.05175790477917808,0.31444690265486724,0.12769072691995287,0.0,0.0,-3.168361756061202,"a=0.35, d=0.030"
0.027500000000000004,0.35,0.03,10000,0.08338606194690266,0.0026867395236862025,9040.0,0.10429049435018499,0.01855968862890517,0.9480954031834997,1.0,0.0,0.0,0.9369483277109434,0.04081994823347595,0.2815901469330792,0.0,0.0,1.0,0.7580551086082061,0.023603892584642443,0.021669388401062077,0.05175790477917808,0.317039546460177,0.10387934742985669,0.0,0.0,-3.1662660205142856,"a=0.35, d=0.030"
0.031,0.35,0.03,10000,0.08715818584070795,0.003000499403967399,9040.0,0.07849105002900837,0.020326294654962346,0.7135550002637123,1.0,0.0,0.0,0.9940822982859986,0.04535043319911662,0.270198776170558,0.0,0.0,1.0,0.792347144006436,0.02430771827271467,0.02169278502663707,0.05175790477917808,0.319868639380531,0.07829856364106635,-1.4285714285714164,0.0,-3.071032537843159,"a=0.35, d=0.030"
0.0345,0.35,0.03,10000,0.09060619469026551,0.0031620622074647197,9040.0,0.055347477268977145,0.021023509553872482,0.5031588842634285,0.99,0.0,0.01,1.046021988516432,0.04751454885294911,0.26009291916817706,0.0,0.0,1.0,0.8236926790024137,0.024938673782973684,0.021725996554690128,0.05175790477917808,0.3224546460176992,0.05526720226609354,-7.142857142857167,0.0,-2.878362113928482,"a=0.35, d=0.030"
0.038,0.35,0.03,10000,0.09413274336283185,0.003024086062422912,9040.0,0.03207656944456954,0.019863693153800148,0.291605176768814,0.95,0.05,0.0,1.0988483525639205,0.045198321210674706,0.2500502413730586,0.0,0.0,1.0,0.8557522123893806,0.02557273313388223,0.02172453810035391,0.05175790477917808,0.32509955752212394,0.03205126479869944,-47.14285714285705,0.0,-2.6458026265453825,"a=0.35, d=0.030"
0.0415,0.35,0.03,10000,0.0972112831858407,0.0033349428080891577,9040.0,0.012149299873367938,0.021386582152699042,0.11044818066698132,0.66,0.08,0.26,1.1447058632498597,0.04949632001213082,0.24157230078235942,0.0,0.0,1.0,0.8837389380530972,0.02611535345115306,0.021807600790442604,0.05175790477917808,0.3274084623893805,0.012144198036183837,-102.85714285714275,0.0,-2.692982855511808,"a=0.35, d=0.030"
0.045000000000000005,0.35,0.03,10000,0.101087389380531,0.0030010744176857253,9040.0,-0.012570314949310631,0.018921504782891098,-0.1142755904482784,0.23,0.09,0.68,1.2020729263394374,0.044278960744810754,0.23119936138447594,0.0,0.0,1.0,0.918976267095736,0.026788152552751375,0.021736496554690135,0.05175790477917808,0.33031554203539826,-0.012565214284963292,-89.99999999999994,0.0,-2.628163542300893,"a=0.35, d=0.030"
0.0485,0.35,0.03,10000,0.10419690265486725,0.00302714588297908,9040.0,-0.03202522951186487,0.018821184525166033,-0.29113845010786255,0.03,0.03,0.94,1.2477976057796571,0.044386002919713785,0.22317515598625312,0.0,0.0,1.0,0.9472445695897024,0.027317355269349704,0.02172073784044277,0.05175790477917808,0.3326476769911505,-0.03200356254618451,-32.85714285714291,0.0,-2.5656556692485353,"a=0.35, d=0.030"
0.052000000000000005,0.35,0.03,10000,0.10818694690265486,0.0030728455115415533,9040.0,-0.0565523536382131,0.018625307192509898,-0.5141123058019373,0.0,0.0,1.0,1.3060734802834768,0.044710299164750736,0.21323977169973618,0.0,0.0,1.0,0.9835176991150444,0.027984191023297886,0.02168280444840704,0.05175790477917808,0.33564021017699114,-0.05647173956947943,-4.285714285714278,0.0,-2.34996048573295,"a=0.35, d=0.030"
0.0555,0.35,0.03,10000,0.11090929203539822,0.0037349689580774125,9040.0,-0.07294844353413929,0.022466662544297383,-0.6631676684921755,0.0,0.0,1.0,1.3456250476376779,0.0540301849658173,0.20672543258612244,0.0,0.0,1.0,1.008266291230893,0.028429708221682715,0.021887231811150508,0.05175790477917808,0.33768196902654873,-0.07278386678712591,0.0,0.0,-2.2680774671821986,"a=0.35, d=0.030"
0.059000000000000004,0.35,0.03,10000,0.11492256637168144,0.0032595650271248725,9040.0,-0.09687194318649425,0.019180630988811016,-0.8806540289681298,0.0,0.0,1.0,1.4035126850362698,0.04681262340377433,0.19736322942946077,0.0,0.0,1.0,1.0447506033789218,0.029079585641633585,0.021795146879026582,0.05175790477917808,0.3406919247787611,-0.09653497199477247,0.0,0.0,-2.442231276208215,"a=0.35, d=0.030"
0.0625,0.35,0.03,10000,0.11840265486725662,0.003815955317531002,9040.0,-0.11715002789887136,0.02211700963563556,-1.0650002536261032,0.0,0.0,1.0,1.4533272197808587,0.054429956498129504,0.18962981365266493,0.0,0.0,1.0,1.0763877715205148,0.029630110111943213,0.021898672566371683,0.05175790477917808,0.3433019911504426,-0.11656165143147938,0.0,0.0,-2.251223498015662,"a=0.35, d=0.030"
0.066,0.35,0.03,10000,0.12212721238938055,0.003475210025685878,9040.0,-0.13857437508025663,0.019761287246157014,-1.259767046184151,0.0,0.0,1.0,1.5062765166327645,0.04922233947114956,0.18160466494335115,0.0,0.0,1.0,1.1102473853580048,0.030211568473347553,0.02184046115646005,0.05175790477917808,0.3460954092920354,-0.13764172966371357,0.0,0.0,-2.2267673735532014,"a=0.35, d=0.030"
0.0695,0.35,0.03,10000,0.1258119469026549,0.003975504589678244,9040.0,-0.1593187311371912,0.022321546251431255,-1.4483521012471923,0.0,0.0,1.0,1.558255314201026,0.05594767503009525,0.1740424420377925,0.0,0.0,1.0,1.143744971842317,0.030774279908209023,0.021948021380707762,0.05175790477917808,0.3488589601769911,-0.15790981382830277,0.0,0.0,-1.992419863409637,"a=0.35, d=0.030"
0.073,0.35,0.03,10000,0.129016592920354,0.0035746288394181685,9040.0,-0.17715302774189298,0.019730712358311062,-1.610482070380845,0.0,0.0,1.0,1.603139795042995,0.04993344124822064,0.1676577258994837,0.0,0.0,1.0,1.1728781174577636,0.03125792537467743,0.02183224692628315,0.05175790477917808,0.3512624446902655,-0.17525785720021994,0.0,0.0,-1.8114548295580413,"a=0.35, d=0.030"
0.0765,0.35,0.03,10000,0.13230309734513276,0.003426985386865452,9040.0,-0.19514130599849352,0.01857317355534794,-1.7740118727135776,0.0,0.0,1.0,1.648882602832442,0.04750336993453491,0.16136225823088624,0.0,0.0,1.0,1.2027554304102976,0.03174556371148698,0.0218179928730974,0.05175790477917808,0.3537273230088496,-0.19263786907666894,0.0,0.0,-1.7936533475031347,"a=0.35, d=0.030"
0.08,0.35,0.03,10000,0.13570022123893807,0.0033005774329633855,9040.0,-0.21344560438705698,0.017651030449118935,-1.940414585336882,0.0,0.0,1.0,1.695836776031467,0.045432384975660045,0.15510215246696174,0.0,0.0,1.0,1.233638374899437,0.03224159875466111,0.021802581368672625,0.05175790477917808,0.3562751659292035,-0.2102004187095014,0.0,0.0,-1.91255524812113,"a=0.35, d=0.030"
0.08349999999999999,0.35,0.03,10000,0.13974889380530972,0.0034612254082360557,9040.0,-0.23486488818762855,0.018164224242744078,-2.1351353471602597,0.0,0.0,1.0,1.7513573763191475,0.0473024421078757,0.14797437149403833,0.0,0.0,1.0,1.2704444891391795,0.03282182651422425,0.02182731956353969,0.05175790477917808,0.35931167035398226,-0.23056848766508767,0.0,0.0,-1.7644888401672532,"a=0.35, d=0.030"
0.087,0.35,0.03,10000,0.14286836283185841,0.004261782147726251,9040.0,-0.25103722454193944,0.022054123541704045,-2.2821565867449043,0.0,0.0,1.0,1.793811814418502,0.05783357112479759,0.142750730585791,0.0,0.0,1.0,1.2988032984714402,0.03325974189686549,0.02199429105592933,0.05175790477917808,0.36165127212389386,-0.2457826300502071,0.0,0.0,-1.4735675296399933,"a=0.35, d=0.030"
0.0905,0.35,0.03,10000,0.14597898230088494,0.004012275547074727,9040.0,-0.26703253905059343,0.02042658158680145,-2.427568536823577,0.0,0.0,1.0,1.8359133685506683,0.05402574227406163,0.13765939878655836,0.0,0.0,1.0,1.3270816572807727,0.03369279636822752,0.021992961899646085,0.05175790477917808,0.36398423672566366,-0.2607608495483194,0.0,0.0,-1.6415115841795256,"a=0.35, d=0.030"
0.094,0.35,0.03,10000,0.15007853982300887,0.004065735248375551,9040.0,-0.28773465585147845,0.02028383321302833,-2.6157695986498037,0.0,0.0,1.0,1.8909378438771016,0.05435496912115255,0.1312601494965343,0.0,0.0,1.0,1.3643503620273532,0.03425308943404438,0.02197389995274343,0.05175790477917808,0.36705890486725656,-0.27994284250401996,0.0,0.0,-1.625732857904147,"a=0.35, d=0.030"
0.0975,0.35,0.03,10000,0.15340597345132742,0.003897860483310865,9040.0,-0.3042761102123774,0.01914521638434111,-2.766146456476157,0.0,0.0,1.0,1.935251408367912,0.05173001333776861,0.12627926878122933,0.0,0.0,1.0,1.3945997586484313,0.034700647392203715,0.021890620212212584,0.05175790477917808,0.36955448008849556,-0.29512265674220267,0.0,0.0,-1.4160361792404927,"a=0.35, d=0.030"
0.10099999999999999,0.35,0.03,10000,0.15682522123893805,0.003449150027232876,9040.0,-0.3210371228742922,0.016782169437878674,-2.9185192988572015,0.0,0.0,1.0,1.9805038986276322,0.045467936412676414,0.12134789624185084,0.0,0.0,1.0,1.4256838294448915,0.035154031801619315,0.021815906218318543,0.05175790477917808,0.37211891592920354,-0.3103665556884405,0.0,0.0,-1.3302923738477084,"a=0.35, d=0.030"
0.1045,0.35,0.03,10000,0.16001106194690265,0.003749294739097994,9040.0,-0.33636852971963777,0.01791007800144399,-3.0578957247239793,0.0,0.0,1.0,2.0223793649676463,0.04905803706475181,0.11696722216429539,0.0,0.0,1.0,1.454646017699115,0.035568615966621295,0.021884992754955982,0.05175790477917808,0.37450829646017686,-0.3241392477827153,0.0,0.0,-1.5086130892145206,"a=0.35, d=0.030"
0.108,0.35,0.03,10000,0.16471902654867257,0.0040383588808163414,9040.0,-0.3586370978022494,0.018926883249957706,-3.2603372527477212,0.0,0.0,1.0,2.083783463408992,0.05250525226345467,0.1107876046173492,0.0,0.0,1.0,1.4974456958970235,0.03617062023335278,0.021984378926459942,0.05175790477917808,0.3780392699115045,-0.34390557343627665,0.0,0.0,-1.4444784212404418,"a=0.35, d=0.030"
0.1115,0.35,0.03,10000,0.16783738938053092,0.0036132400819248816,9040.0,-0.37317946920837414,0.016695762397936062,-3.392540629167039,0.0,0.0,1.0,2.1241142179369006,0.046659840387505695,0.1068558732156123,0.0,0.0,1.0,1.525794448913918,0.03656366722542007,0.021860921215309758,0.05175790477917808,0.3803780420353982,-0.35668378638183945,0.0,0.0,-1.074635223644199,"a=0.35, d=0.030"
0.11499999999999999,0.35,0.03,10000,0.17082190265486724,0.003996641163559133,9040.0,-0.38684749165863863,0.018238774653515945,-3.516795378714897,0.0,0.0,1.0,2.1624914869119576,0.05122490998087493,0.1032651580518398,0.0,0.0,1.0,1.5529263877715203,0.03693297934936827,0.021933661132831763,0.05175790477917808,0.38261642699115045,-0.36853461493230066,0.0,0.0,-1.085310144763712,"a=0.35, d=0.030"
0.1185,0.35,0.03,10000,0.17426769911504422,0.004020627792422421,9040.0,-0.40243479314430386,0.01811171664894533,-3.658498119493671,0.0,0.0,1.0,2.2065328509584035,0.051220613527475256,0.09925870220226632,0.0,0.0,1.0,1.5842518101367657,0.037354073633586046,0.021951704401150473,0.05175790477917808,0.3852007743362833,-0.3819248345859976,0.0,0.0,-1.2068174650715449,"a=0.35, d=0.030"
0.122,0.35,0.03,10000,0.17825221238938052,0.0037432734413211746,9040.0,-0.42018621564500996,0.01650577598015013,-3.8198746876819096,0.0,0.0,1.0,2.2570816523551387,0.047334885468896616,0.09481743579633899,0.0,0.0,1.0,1.6204746580852774,0.03783352695975004,0.02187630100309718,0.05175790477917808,0.38818915929203546,-0.39699714053785506,0.0,0.0,-1.0682054740460938,"a=0.35, d=0.030"
0.1255,0.35,0.03,10000,0.18112168141592921,0.004317702473331494,9040.0,-0.4327154896868946,0.01881853300815767,-3.9337771789717686,0.0,0.0,1.0,2.2932676130571785,0.05425527969247821,0.09178126388394366,0.0,0.0,1.0,1.6465607401448108,0.03817183843071804,0.022030992873097413,0.05175790477917808,0.3903412610619469,-0.40746922497202703,0.0,0.0,-0.9180053813599596,"a=0.35, d=0.030"
0.129,0.35,0.03,10000,0.184396017699115,0.003710433697153949,9040.0,-0.4469151474581481,0.015896451584022586,-4.062864976892255,0.0,0.0,1.0,2.334307810070826,0.046298836784243486,0.08839139812681926,0.0,0.0,1.0,1.6763274336283183,0.038555218023041314,0.021911780365575444,0.05175790477917808,0.3927970132743362,-0.4192734443798136,0.0,0.0,-1.1108238315056838,"a=0.35, d=0.030"
0.1325,0.35,0.03,10000,0.18887610619469025,0.003822098189330783,9040.0,-0.46593830963142596,0.01608404075377159,-4.235802814831144,0.0,0.0,1.0,2.3900543262794582,0.04741196464572665,0.08400549706340386,0.0,0.0,1.0,1.7170555108608203,0.039068685197566774,0.021935943457344998,0.05175790477917808,0.39615707964601765,-0.43482147195774784,0.0,0.0,-1.0203808923623985,"a=0.35, d=0.030"
0.136,0.35,0.03,10000,0.1918362831858407,0.004201422170570672,9040.0,-0.47827682498336216,0.01749991793570295,-4.347971136212383,0.0,0.0,1.0,2.42661683784773,0.05179548050762531,0.08124873188028246,0.0,0.0,1.0,1.7439662107803704,0.03940164444507727,0.021963649581150407,0.05175790477917808,0.3983772123893805,-0.44475464467548603,0.0,0.0,-0.9128187062085296,"a=0.35, d=0.030"
0.1395,0.35,0.03,10000,0.19590486725663714,0.004800080589105444,9040.0,-0.4949603967333969,0.019566079187644275,-4.499639970303609,0.0,0.0,1.0,2.4766365252363753,0.05879080154259492,0.07761576611994415,0.0,0.0,1.0,1.7809533386967016,0.03985176866474535,0.022206488566460077,0.05175790477917808,0.40142865044247783,-0.4580074622125615,0.0,0.0,-0.7988119571189536,"a=0.35, d=0.030"
0.14300000000000002,0.35,0.03,10000,0.1981360619469026,0.003973892346173927,9040.0,-0.5040727936711498,0.01602550991242445,-4.582479942464999,0.0,0.0,1.0,2.5038539079402837,0.04835141282180855,0.07565704818044978,0.0,0.0,1.0,1.8012369267900241,0.04009760959243641,0.021963103256283575,0.05175790477917808,0.40310204646017694,-0.46522149957867703,0.0,0.0,-0.823839937746131,"a=0.35, d=0.030"
0.14650000000000002,0.35,0.03,10000,0.2027367256637168,0.0041469261381355815,9040.0,-0.5224292856983489,0.01643205126780811,-4.749357142712263,0.0,0.0,1.0,2.559700984524473,0.05020077739274481,0.07184888655572123,0.0,0.0,1.0,1.843061142397426,0.040592710547251214,0.02197764073159289,0.05175790477917808,0.40655254424778753,-0.47947421187222744,0.0,0.0,-0.8563020261922798,"a=0.35, d=0.030"
0.15000000000000002,0.35,0.03,10000,0.2055121681415929,0.004639736370114337,9040.0,-0.5332903432916862,0.018065703752045106,-4.84809402992442,0.0,0.0,1.0,2.593200169139475,0.055784588845791475,0.06966293399710383,0.0,0.0,1.0,1.8682924376508445,0.04088558669899834,0.02210408223000009,0.05175790477917808,0.40863412610619465,-0.4877720935791341,0.0,0.0,-0.7396551943728475,"a=0.35, d=0.030"
0.15350000000000003,0.35,0.03,10000,0.2094236725663717,0.004305216663497136,9040.0,-0.5484449221489757,0.016544743002014688,-4.985862928627052,0.0,0.0,1.0,2.6401231931656786,0.051486112694312164,0.06667130019511129,0.0,0.0,1.0,1.903851568785197,0.041294195885620166,0.022029356684424704,0.05175790477917808,0.4115677544247787,-0.49925234869202595,0.0,0.0,-0.851455317319056,"a=0.35, d=0.030"
0.157,0.35,0.03,10000,0.21350774336283185,0.0042042129835537685,9040.0,-0.5639637451117178,0.015896144990821943,-5.126943137379254,0.0,0.0,1.0,2.6887929541730187,0.050035246540858704,0.06370274677587046,0.0,0.0,1.0,1.9409794851166533,0.04171254149751752,0.021994813416106002,0.05175790477917808,0.41463080752212383,-0.5108181554725645,0.0,0.0,-0.7461758903986642,"a=0.35, d=0.030"
0.1605,0.35,0.03,10000,0.21675995575221235,0.00442169081375541,9040.0,-0.576094996297317,0.016431861615169366,-5.237227239066518,0.0,0.0,1.0,2.7273360059831044,0.05228767589587876,0.061448068962320655,0.0,0.0,1.0,1.9705450522928396,0.04203950700457777,0.022050949722920127,0.05175790477917808,0.41706996681415925,-0.5197200875047076,0.0,0.0,-0.5933300722232104,"a=0.35, d=0.030"
0.164,0.35,0.03,10000,0.21960840707964607,0.00479594952070692,9040.0,-0.5865575187399845,0.017571301340253125,-5.332341079454405,0.0,0.0,1.0,2.7609413291859086,0.05640673223136218,0.05954943627030798,0.0,0.0,1.0,1.996440064360418,0.04232145442425254,0.022155748530796656,0.05175790477917808,0.4192063053097346,-0.5272989263607092,0.0,0.0,-0.6666421424933286,"a=0.35, d=0.030"
0.1675,0.35,0.03,10000,0.22388938053097346,0.004172341209361893,9040.0,-0.6021147620894369,0.01496491921511379,-5.473770564449428,0.0,0.0,1.0,2.8111313993034197,0.04882506194240708,0.05678157396486734,0.0,0.0,1.0,2.035358004827031,0.04274065384205526,0.022012536377698986,0.05175790477917808,0.42241703539823017,-0.5384679276093555,0.0,0.0,-0.6746328329727573,"a=0.35, d=0.030"
0.171,0.35,0.03,10000,0.22707300884955753,0.004200646019020071,9040.0,-0.6134495240973025,0.014934936796066728,-5.5768138554300215,0.0,0.0,1.0,2.8482459406401732,0.04888699583529808,0.05482700643949868,0.0,0.0,1.0,2.064300080450523,0.043046018084562654,0.02199656304451298,0.05175790477917808,0.42480475663716816,-0.5464661922668627,0.0,0.0,-0.5753083662287919,"a=0.35, d=0.030"
0.17450000000000002,0.35,0.03,10000,0.230603982300885,0.0047085215937584576,9040.0,-0.6257926904724893,0.01635469697266204,-5.689024458840812,0.0,0.0,1.0,2.8892244767568895,0.05451658132962189,0.0527544154012658,0.0,0.0,1.0,2.0963998390989547,0.0433784970770601,0.022093617746371613,0.05175790477917808,0.4274529867256638,-0.5550466848300555,0.0,0.0,-0.5731729768736518,"a=0.35, d=0.030"
0.17800000000000002,0.35,0.03,10000,0.23401327433628316,0.004460903310134749,9040.0,-0.6375710884880371,0.015276295252226912,-5.796100804436701,0.0,0.0,1.0,2.9285916079354566,0.05139341173607358,0.05081479560138311,0.0,0.0,1.0,2.1273934030571193,0.04369573111989466,0.022065265486725667,0.05175790477917808,0.43000995575221246,-0.5631546477523783,0.0,0.0,-0.5657190040490638,"a=0.35, d=0.030"
0.18150000000000002,0.35,0.03,10000,0.23771128318584073,0.004022819570620118,9040.0,-0.6501452796557763,0.01347108325328098,-5.91041163323433,0.0,0.0,1.0,2.971060560096583,0.04613831785413951,0.04879438237292235,0.0,0.0,1.0,2.1610116653258244,0.04403435440336843,0.02197362033035401,0.05175790477917808,0.4327834623893805,-0.5716986270474099,0.0,0.0,-0.5186884206173898,"a=0.35, d=0.030"
0.18500000000000003,0.35,0.03,10000,0.24083407079646016,0.004946029051516715,9040.0,-0.6605035368392815,0.01642359979075153,-6.004577607629832,0.0,0.0,1.0,3.0067972225285957,0.05640704849873871,0.04718397665706138,0.0,0.0,1.0,2.1894006436041833,0.04431324721803742,0.02219257706203529,0.05175790477917808,0.4351255530973452,-0.5785956583639319,0.0,0.0,-0.4001717697192788,"a=0.35, d=0.030"
0.1885,0.35,0.03,10000,0.24315265486725665,0.004232623110513951,9040.0,-0.6681944273610197,0.013846956719323894,-6.074494794191087,0.0,0.0,1.0,3.033211142010324,0.048007914821413075,0.04599317998488741,0.0,0.0,1.0,2.210478680611424,0.04452032263938582,0.022086978501150795,0.05175790477917808,0.43686449115044257,-0.5837178902718831,0.0,0.0,-0.5706507080696808,"a=0.35, d=0.030"
0.192,0.35,0.03,10000,0.2490033185840708,0.005135078107646481,9040.0,-0.6870334296168462,0.016369932057726244,-6.245758451062239,0.0,0.0,1.0,3.0995354122996757,0.05806944319871933,0.04318942170057361,0.0,0.0,1.0,2.263666532582462,0.045027445496199234,0.022312452425043948,0.05175790477917808,0.4412524889380531,-0.5959709082068896,0.0,0.0,-0.5741897717226809,"a=0.35, d=0.030"
0.1955,0.35,0.03,10000,0.25162831858407086,0.0046065044731819224,9040.0,-0.6953822045215884,0.014506055389853662,-6.321656404741715,0.0,0.0,1.0,3.129047997084127,0.051837815161856524,0.04197385158282864,0.0,0.0,1.0,2.2875301689460987,0.045252164392875605,0.02208716814159292,0.05175790477917808,0.4432212389380531,-0.6013485328017163,0.0,0.0,-0.375298295273951,"a=0.35, d=0.030"
0.199,0.35,0.03,10000,0.25480641592920356,0.004640703834981999,9040.0,-0.705298794736006,0.01440414016430752,-6.411807224872781,0.0,0.0,1.0,3.1647395112513355,0.051981728794877786,0.04056233363365595,0.0,0.0,1.0,2.3164219629927594,0.04551904773610452,0.02212217428902661,0.05175790477917808,0.4456048119469026,-0.6076416357905008,0.0,0.0,-0.37597777074833605,"a=0.35, d=0.030"
0.2025,0.35,0.03,10000,0.25765707964601764,0.004810873210196989,9040.0,-0.7140534077581926,0.014681595824864531,-6.49139461598357,0.0,0.0,1.0,3.1966355142910596,0.05362687955597373,0.03934200718759029,0.0,0.0,1.0,2.3423370876910696,0.04575463421505097,0.02217382817681435,0.05175790477917808,0.44774280973451325,-0.613130692878942,0.0,0.0,-0.37493156778927705,"a=0.35, d=0.030"
0.20600000000000002,0.35,0.03,10000,0.26102544247787607,0.004215052212460678,9040.0,-0.7242938731753781,0.01264341486626414,-6.584489756139801,0.0,0.0,1.0,3.23412964267916,0.04677181599247077,0.03793781265913101,0.0,0.0,1.0,2.372958567980692,0.04603018646686079,0.02201204142752235,0.05175790477917808,0.4502690818584072,-0.6195015817117805,0.0,0.0,-0.4935507806841475,"a=0.35, d=0.030"
0.20950000000000002,0.35,0.03,10000,0.2662621681415929,0.0049418657914258235,9040.0,-0.7397670833651828,0.01437024892440222,-6.725155303319843,0.0,0.0,1.0,3.292193301865018,0.05470696740323747,0.03588715172280125,0.0,0.0,1.0,2.4205651649235715,0.046446468504403586,0.02212715854884936,0.05175790477917808,0.4541966261061946,-0.6289267620232313,0.0,0.0,-0.4468953879864692,"a=0.35, d=0.030"
0.21300000000000002,0.35,0.03,10000,0.2690940265486726,0.0042250937327504585,9040.0,-0.7480392134443722,0.012207810298774772,-6.800356485857926,0.0,0.0,1.0,3.3234342742120027,0.04655897214434962,0.034809544943225725,0.0,0.0,1.0,2.4463093322606597,0.04666900093098949,0.022023542525132677,0.05175790477917808,0.45632051991150424,-0.6339217644322054,0.0,0.0,-0.33283085550027813,"a=0.35, d=0.030"
0.21650000000000003,0.35,0.03,10000,0.27254867256637166,0.004332691297169482,9040.0,-0.757906607902783,0.012288956477896847,-6.890060071843481,0.0,0.0,1.0,3.3614119137331078,0.04755665358940381,0.0335573357342993,0.0,0.0,1.0,2.4777152051488334,0.046934414195488355,0.022017715091504356,0.05175790477917808,0.45891150442477874,-0.6397857508022837,0.0,0.0,-0.30744881476976715,"a=0.35, d=0.030"
0.22,0.35,0.03,10000,0.27511172566371683,0.004384354739348972,9040.0,-0.7651170179214017,0.012191070679330566,-6.955609253830926,0.0,0.0,1.0,3.3895365263360766,0.047929588686376014,0.03265740323983737,0.0,0.0,1.0,2.501015687851971,0.04712834366549932,0.02210046608814199,0.05175790477917808,0.46083379424778753,-0.6440256963821335,0.0,0.0,-0.25712356984626916,"a=0.35, d=0.030"
